{"epoch_1": {"ls(x1)": -0.03926317021250725}, "epoch_2": {"ls(x1)": -0.08008520305156708}, "epoch_3": {"ls(x1)": -0.12036729604005814}, "epoch_4": {"ls(x1)": -0.18197542428970337}, "epoch_5": {"ls(x1)": -0.22676347196102142}, "epoch_6": {"ls(x1)": -0.3008483946323395}, "epoch_7": {"ls(x1)": -0.341075599193573}, "epoch_8": {"ls(x1)": -0.4390146732330322}, "epoch_9": {"ls(x1)": -0.5572608113288879}, "epoch_10": {"ls(x1)": -0.6200258135795593}, "epoch_11": {"ls(x1)": -0.689775288105011}, "epoch_12": {"ls(x1)": -0.7325332164764404}, "epoch_13": {"ls(x1)": -0.7485339045524597}, "epoch_14": {"ls(x1)": -0.7521420121192932}, "epoch_15": {"ls(x1)": -0.7384116649627686}, "epoch_16": {"ls(x1)": -0.7200717926025391}, "epoch_17": {"ls(x1)": -0.6999983787536621}, "epoch_18": {"ls(x1)": -0.7036218047142029}, "epoch_19": {"ls(x1)": -0.6952905058860779}, "epoch_20": {"ls(x1)": -0.6520771384239197}, "epoch_21": {"ls(x1)": -0.6470692157745361}, "epoch_22": {"ls(x1)": -0.5873579978942871}, "epoch_23": {"ls(x1)": -0.5580682754516602}, "epoch_24": {"ls(x1)": -0.507902979850769}, "epoch_25": {"ls(x1)": -0.4538530707359314}, "epoch_26": {"ls(x1)": -0.46259212493896484}, "epoch_27": {"ls(x1)": -0.40386962890625}, "epoch_28": {"ls(x1)": -0.4063042104244232}, "epoch_29": {"ls(x1)": -0.2992169260978699}, "epoch_30": {"ls(x1)": -0.28626227378845215}, "epoch_31": {"ls(x1)": -0.24593491852283478}, "epoch_32": {"ls(x1)": -0.21251223981380463}, "epoch_33": {"ls(x1)": -0.17364808917045593}, "epoch_34": {"ls(x1)": -0.1348801702260971}, "epoch_35": {"ls(x1)": -0.09479829668998718}, "epoch_36": {"ls(x1)": -0.0581662654876709}, "epoch_37": {"ls(x1)": -0.030450040474534035}, "epoch_38": {"ls(x1)": 0.018684832379221916}, "epoch_39": {"ls(x1)": 0.050818901509046555}, "epoch_40": {"ls(x1)": 0.07679443061351776}, "epoch_41": {"ls(x1)": 0.1266636699438095}, "epoch_42": {"ls(x1)": 0.15560270845890045}, "epoch_43": {"ls(x1)": 0.23053927719593048}, "epoch_44": {"ls(x1)": 0.24177196621894836}, "epoch_45": {"ls(x1)": 0.28015872836112976}, "epoch_46": {"ls(x1)": 0.3291081488132477}, "epoch_47": {"ls(x1)": 0.3453097641468048}, "epoch_48": {"ls(x1)": 0.3929232060909271}, "epoch_49": {"ls(x1)": 0.4226749837398529}, "epoch_50": {"ls(x1)": 0.4719526469707489}, "epoch_51": {"ls(x1)": 0.4673190116882324}, "epoch_52": {"ls(x1)": 0.5159872770309448}, "epoch_53": {"ls(x1)": 0.5016587972640991}, "epoch_54": {"ls(x1)": 0.5146388411521912}, "epoch_55": {"ls(x1)": 0.6017297506332397}, "epoch_56": {"ls(x1)": 0.6157118678092957}, "epoch_57": {"ls(x1)": 0.644697904586792}, "epoch_58": {"ls(x1)": 0.6763116121292114}, "epoch_59": {"ls(x1)": 0.7140859365463257}, "epoch_60": {"ls(x1)": 0.754141628742218}, "epoch_61": {"ls(x1)": 0.7673821449279785}, "epoch_62": {"ls(x1)": 0.773841381072998}, "epoch_63": {"ls(x1)": 0.8014890551567078}, "epoch_64": {"ls(x1)": 0.8690574169158936}, "epoch_65": {"ls(x1)": 0.8763443827629089}, "epoch_66": {"ls(x1)": 0.8916230201721191}, "epoch_67": {"ls(x1)": 0.9205822348594666}, "epoch_68": {"ls(x1)": 0.9582400321960449}, "epoch_69": {"ls(x1)": 0.9365053772926331}, "epoch_70": {"ls(x1)": 0.9871109127998352}, "epoch_71": {"ls(x1)": 1.0128518342971802}, "epoch_72": {"ls(x1)": 1.0328459739685059}, "epoch_73": {"ls(x1)": 1.0325748920440674}, "epoch_74": {"ls(x1)": 1.1001585721969604}, "epoch_75": {"ls(x1)": 1.098859429359436}, "epoch_76": {"ls(x1)": 1.1072615385055542}, "epoch_77": {"ls(x1)": 1.1621166467666626}, "epoch_78": {"ls(x1)": 1.1585173606872559}, "epoch_79": {"ls(x1)": 1.2256884574890137}, "epoch_80": {"ls(x1)": 1.2484769821166992}, "epoch_81": {"ls(x1)": 1.267250418663025}, "epoch_82": {"ls(x1)": 1.258971095085144}, "epoch_83": {"ls(x1)": 1.3074016571044922}, "epoch_84": {"ls(x1)": 1.3223780393600464}, "epoch_85": {"ls(x1)": 1.31681489944458}, "epoch_86": {"ls(x1)": 1.3465752601623535}, "epoch_87": {"ls(x1)": 1.3605835437774658}, "epoch_88": {"ls(x1)": 1.3607767820358276}, "epoch_89": {"ls(x1)": 1.3960928916931152}, "epoch_90": {"ls(x1)": 1.424038290977478}, "epoch_91": {"ls(x1)": 1.439765214920044}, "epoch_92": {"ls(x1)": 1.4286901950836182}, "epoch_93": {"ls(x1)": 1.4642071723937988}, "epoch_94": {"ls(x1)": 1.4597679376602173}, "epoch_95": {"ls(x1)": 1.4947786331176758}, "epoch_96": {"ls(x1)": 1.5113303661346436}, "epoch_97": {"ls(x1)": 1.5373890399932861}, "epoch_98": {"ls(x1)": 1.5486958026885986}, "epoch_99": {"ls(x1)": 1.5697462558746338}, "epoch_100": {"ls(x1)": 1.5727428197860718}, "epoch_101": {"ls(x1)": 1.5971574783325195}, "epoch_102": {"ls(x1)": 1.6435943841934204}, "epoch_103": {"ls(x1)": 1.6468740701675415}, "epoch_104": {"ls(x1)": 1.669287085533142}, "epoch_105": {"ls(x1)": 1.6941742897033691}, "epoch_106": {"ls(x1)": 1.6611496210098267}, "epoch_107": {"ls(x1)": 1.6653321981430054}, "epoch_108": {"ls(x1)": 1.7258625030517578}, "epoch_109": {"ls(x1)": 1.7506462335586548}, "epoch_110": {"ls(x1)": 1.7685630321502686}, "epoch_111": {"ls(x1)": 1.736622929573059}, "epoch_112": {"ls(x1)": 1.7575706243515015}, "epoch_113": {"ls(x1)": 1.802057147026062}, "epoch_114": {"ls(x1)": 1.765121340751648}, "epoch_115": {"ls(x1)": 1.7833338975906372}, "epoch_116": {"ls(x1)": 1.8036726713180542}, "epoch_117": {"ls(x1)": 1.82002592086792}, "epoch_118": {"ls(x1)": 1.8172533512115479}, "epoch_119": {"ls(x1)": 1.812767744064331}, "epoch_120": {"ls(x1)": 1.844381332397461}, "epoch_121": {"ls(x1)": 1.8541107177734375}, "epoch_122": {"ls(x1)": 1.8660963773727417}, "epoch_123": {"ls(x1)": 1.8789409399032593}, "epoch_124": {"ls(x1)": 1.874263882637024}, "epoch_125": {"ls(x1)": 1.8606737852096558}, "epoch_126": {"ls(x1)": 1.858599305152893}, "epoch_127": {"ls(x1)": 1.8860262632369995}, "epoch_128": {"ls(x1)": 1.8783718347549438}, "epoch_129": {"ls(x1)": 1.8860276937484741}, "epoch_130": {"ls(x1)": 1.8981614112854004}, "epoch_131": {"ls(x1)": 1.9009302854537964}, "epoch_132": {"ls(x1)": 1.905053973197937}, "epoch_133": {"ls(x1)": 1.9199836254119873}, "epoch_134": {"ls(x1)": 1.9186757802963257}, "epoch_135": {"ls(x1)": 1.913312315940857}, "epoch_136": {"ls(x1)": 1.9018049240112305}, "epoch_137": {"ls(x1)": 1.8843692541122437}, "epoch_138": {"ls(x1)": 1.9334261417388916}, "epoch_139": {"ls(x1)": 1.9178285598754883}, "epoch_140": {"ls(x1)": 1.946837067604065}, "epoch_141": {"ls(x1)": 1.916463017463684}, "epoch_142": {"ls(x1)": 1.9549211263656616}, "epoch_143": {"ls(x1)": 1.9323327541351318}, "epoch_144": {"ls(x1)": 1.9248384237289429}, "epoch_145": {"ls(x1)": 1.9190044403076172}, "epoch_146": {"ls(x1)": 1.9643306732177734}, "epoch_147": {"ls(x1)": 1.9419926404953003}, "epoch_148": {"ls(x1)": 1.9444167613983154}, "epoch_149": {"ls(x1)": 1.9564803838729858}, "epoch_150": {"ls(x1)": 1.9115809202194214}, "epoch_151": {"ls(x1)": 1.962347388267517}, "epoch_152": {"ls(x1)": 1.923506259918213}, "epoch_153": {"ls(x1)": 1.93503737449646}, "epoch_154": {"ls(x1)": 1.9530521631240845}, "epoch_155": {"ls(x1)": 1.9441502094268799}, "epoch_156": {"ls(x1)": 1.9231619834899902}, "epoch_157": {"ls(x1)": 1.9763044118881226}, "epoch_158": {"ls(x1)": 1.9733251333236694}, "epoch_159": {"ls(x1)": 1.949845314025879}, "epoch_160": {"ls(x1)": 1.968401312828064}, "epoch_161": {"ls(x1)": 2.0092875957489014}, "epoch_162": {"ls(x1)": 1.9525943994522095}, "epoch_163": {"ls(x1)": 1.9308719635009766}, "epoch_164": {"ls(x1)": 2.0030930042266846}, "epoch_165": {"ls(x1)": 1.9438138008117676}, "epoch_166": {"ls(x1)": 1.9576835632324219}, "epoch_167": {"ls(x1)": 1.9592525959014893}, "epoch_168": {"ls(x1)": 1.9345489740371704}, "epoch_169": {"ls(x1)": 1.9407771825790405}, "epoch_170": {"ls(x1)": 1.9474945068359375}, "epoch_171": {"ls(x1)": 1.926987648010254}, "epoch_172": {"ls(x1)": 1.9745407104492188}, "epoch_173": {"ls(x1)": 1.9706743955612183}, "epoch_174": {"ls(x1)": 1.991985559463501}, "epoch_175": {"ls(x1)": 1.973315954208374}, "epoch_176": {"ls(x1)": 1.94718599319458}, "epoch_177": {"ls(x1)": 1.964341163635254}, "epoch_178": {"ls(x1)": 1.9549295902252197}, "epoch_179": {"ls(x1)": 1.9516056776046753},