{"epoch_1": [[0.8600992560386658]], "epoch_2": [[0.7604485750198364]], "epoch_3": [[0.6614633798599243]], "epoch_4": [[0.5635379552841187]], "epoch_5": [[0.4671577215194702]], "epoch_6": [[0.3671577274799347]], "epoch_7": [[0.2683047354221344]], "epoch_8": [[0.17190620303153992]], "epoch_9": [[0.07985953986644745]], "epoch_10": [[-0.005263708531856537]], "epoch_11": [[-0.08035645633935928]], "epoch_12": [[-0.14229537546634674]], "epoch_13": [[-0.18875384330749512]], "epoch_14": [[-0.21885187923908234]], "epoch_15": [[-0.2332194745540619]], "epoch_16": [[-0.2335556596517563]], "epoch_17": [[-0.22208265960216522]], "epoch_18": [[-0.20116327702999115]], "epoch_19": [[-0.1731184720993042]], "epoch_20": [[-0.1401749551296234]]}