{
    "x1": [
        0.24294461123690445,
        1.630502545629375
    ],
    "T": [
        0.35000000000000003,
        1.0
    ],
    "x2": [
        -1.0794706361873667,
        -0.35031476404496714
    ],
    "y": [
        2.143446089297207,
        6.808888827024275
    ]
}