{"epoch_1": {"shift_0": [[-0.4978673756122589]], "shift_1": [[0.5267934799194336]]}, "epoch_2": {"shift_0": [[-1.5229865312576294]], "shift_1": [[0.14603331685066223]]}, "epoch_3": {"shift_0": [[-1.9405144453048706]], "shift_1": [[0.21196487545967102]]}, "epoch_4": {"shift_0": [[-2.173211097717285]], "shift_1": [[0.3075529634952545]]}, "epoch_5": {"shift_0": [[-2.1996312141418457]], "shift_1": [[0.1748134046792984]]}, "epoch_6": {"shift_0": [[-2.185441255569458]], "shift_1": [[0.29159674048423767]]}, "epoch_7": {"shift_0": [[-2.109328031539917]], "shift_1": [[0.180112823843956]]}, "epoch_8": {"shift_0": [[-1.9871259927749634]], "shift_1": [[0.21655826270580292]]}, "epoch_9": {"shift_0": [[-2.001476526260376]], "shift_1": [[0.3907838463783264]]}, "epoch_10": {"shift_0": [[-1.9310063123703003]], "shift_1": [[0.3016124963760376]]}, "epoch_11": {"shift_0": [[-1.8198589086532593]], "shift_1": [[0.31125208735466003]]}, "epoch_12": {"shift_0": [[-1.7115812301635742]], "shift_1": [[0.2816215753555298]]}, "epoch_13": {"shift_0": [[-1.6965599060058594]], "shift_1": [[0.21269197762012482]]}, "epoch_14": {"shift_0": [[-1.648810863494873]], "shift_1": [[0.3301839232444763]]}, "epoch_15": {"shift_0": [[-1.536164402961731]], "shift_1": [[0.35101234912872314]]}, "epoch_16": {"shift_0": [[-1.4371287822723389]], "shift_1": [[0.20397208631038666]]}, "epoch_17": {"shift_0": [[-1.4904524087905884]], "shift_1": [[0.38536325097084045]]}, "epoch_18": {"shift_0": [[-1.383224606513977]], "shift_1": [[0.3398362994194031]]}, "epoch_19": {"shift_0": [[-1.2649468183517456]], "shift_1": [[0.2099236249923706]]}, "epoch_20": {"shift_0": [[-1.2889416217803955]], "shift_1": [[0.2995958924293518]]}, "epoch_21": {"shift_0": [[-1.2703399658203125]], "shift_1": [[0.3714103400707245]]}, "epoch_22": {"shift_0": [[-1.0555644035339355]], "shift_1": [[0.2006407082080841]]}, "epoch_23": {"shift_0": [[-1.0734338760375977]], "shift_1": [[0.24496875703334808]]}, "epoch_24": {"shift_0": [[-1.1377766132354736]], "shift_1": [[0.3639534115791321]]}, "epoch_25": {"shift_0": [[-1.0636723041534424]], "shift_1": [[0.2783202826976776]]}, "epoch_26": {"shift_0": [[-1.044577956199646]], "shift_1": [[0.3889642655849457]]}, "epoch_27": {"shift_0": [[-1.0608386993408203]], "shift_1": [[0.2896798849105835]]}, "epoch_28": {"shift_0": [[-0.8185210227966309]], "shift_1": [[0.21365638077259064]]}, "epoch_29": {"shift_0": [[-0.8000767827033997]], "shift_1": [[0.21081696450710297]]}, "epoch_30": {"shift_0": [[-0.9771159887313843]], "shift_1": [[0.3761179745197296]]}, "epoch_31": {"shift_0": [[-0.8621004819869995]], "shift_1": [[0.35858356952667236]]}, "epoch_32": {"shift_0": [[-0.8341672420501709]], "shift_1": [[0.36456650495529175]]}, "epoch_33": {"shift_0": [[-0.829625129699707]], "shift_1": [[0.3162758946418762]]}, "epoch_34": {"shift_0": [[-0.7131046652793884]], "shift_1": [[0.3301596939563751]]}, "epoch_35": {"shift_0": [[-0.5873171091079712]], "shift_1": [[0.16535265743732452]]}, "epoch_36": {"shift_0": [[-0.7209939360618591]], "shift_1": [[0.369903028011322]]}, "epoch_37": {"shift_0": [[-0.7390361428260803]], "shift_1": [[0.34358546137809753]]}, "epoch_38": {"shift_0": [[-0.6871810555458069]], "shift_1": [[0.30188822746276855]]}, "epoch_39": {"shift_0": [[-0.6277976632118225]], "shift_1": [[0.31610435247421265]]}, "epoch_40": {"shift_0": [[-0.6861135363578796]], "shift_1": [[0.39187806844711304]]}, "epoch_41": {"shift_0": [[-0.6833741068840027]], "shift_1": [[0.3731176555156708]]}, "epoch_42": {"shift_0": [[-0.6147236227989197]], "shift_1": [[0.32166415452957153]]}, "epoch_43": {"shift_0": [[-0.4595126509666443]], "shift_1": [[0.2873479723930359]]}, "epoch_44": {"shift_0": [[-0.5332886576652527]], "shift_1": [[0.27120137214660645]]}, "epoch_45": {"shift_0": [[-0.47722622752189636]], "shift_1": [[0.29529869556427]]}, "epoch_46": {"shift_0": [[-0.5057296752929688]], "shift_1": [[0.29832547903060913]]}, "epoch_47": {"shift_0": [[-0.4940088093280792]], "shift_1": [[0.3658169209957123]]}, "epoch_48": {"shift_0": [[-0.41829535365104675]], "shift_1": [[0.2529333531856537]]}, "epoch_49": {"shift_0": [[-0.464208722114563]], "shift_1": [[0.2837481200695038]]}, "epoch_50": {"shift_0": [[-0.4285658895969391]], "shift_1": [[0.2055162787437439]]}, "epoch_51": {"shift_0": [[-0.34830594062805176]], "shift_1": [[0.2548008859157562]]}, "epoch_52": {"shift_0": [[-0.3331853449344635]], "shift_1": [[0.22555269300937653]]}, "epoch_53": {"shift_0": [[-0.5090489983558655]], "shift_1": [[0.35041311383247375]]}, "epoch_54": {"shift_0": [[-0.4729417860507965]], "shift_1": [[0.3429017663002014]]}, "epoch_55": {"shift_0": [[-0.34304383397102356]], "shift_1": [[0.2874058485031128]]}, "epoch_56": {"shift_0": [[-0.2757052481174469]], "shift_1": [[0.24136395752429962]]}, "epoch_57": {"shift_0": [[-0.41412192583084106]], "shift_1": [[0.31893402338027954]]}, "epoch_58": {"shift_0": [[-0.4026181101799011]], "shift_1": [[0.35471850633621216]]}, "epoch_59": {"shift_0": [[-0.37650492787361145]], "shift_1": [[0.31375956535339355]]}, "epoch_60": {"shift_0": [[-0.3053535223007202]], "shift_1": [[0.2040429562330246]]}, "epoch_61": {"shift_0": [[-0.2901315689086914]], "shift_1": [[0.2717743217945099]]}, "epoch_62": {"shift_0": [[-0.3374037742614746]], "shift_1": [[0.39246895909309387]]}, "epoch_63": {"shift_0": [[-0.2804679870605469]], "shift_1": [[0.2501254379749298]]}, "epoch_64": {"shift_0": [[-0.2586633861064911]], "shift_1": [[0.25384366512298584]]}, "epoch_65": {"shift_0": [[-0.3657715618610382]], "shift_1": [[0.40355297923088074]]}, "epoch_66": {"shift_0": [[-0.3490689992904663]], "shift_1": [[0.3266904652118683]]}, "epoch_67": {"shift_0": [[-0.2532142400741577]], "shift_1": [[0.2565704882144928]]}, "epoch_68": {"shift_0": [[-0.1355670541524887]], "shift_1": [[0.2040155977010727]]}, "epoch_69": {"shift_0": [[-0.24622493982315063]], "shift_1": [[0.25941625237464905]]}, "epoch_70": {"shift_0": [[-0.3013518154621124]], "shift_1": [[0.3322974145412445]]}, "epoch_71": {"shift_0": [[-0.1736248880624771]], "shift_1": [[0.2202816754579544]]}, "epoch_72": {"shift_0": [[-0.29206350445747375]], "shift_1": [[0.3002498745918274]]}, "epoch_73": {"shift_0": [[-0.21234077215194702]], "shift_1": [[0.2762928009033203]]}, "epoch_74": {"shift_0": [[-0.2566728889942169]], "shift_1": [[0.31939801573753357]]}, "epoch_75": {"shift_0": [[-0.20647074282169342]], "shift_1": [[0.25047945976257324]]}, "epoch_76": {"shift_0": [[-0.21940277516841888]], "shift_1": [[0.2861836552619934]]}, "epoch_77": {"shift_0": [[-0.2853688597679138]], "shift_1": [[0.2986038029193878]]}, "epoch_78": {"shift_0": [[-0.2628819942474365]], "shift_1": [[0.31935736536979675]]}, "epoch_79": {"shift_0": [[-0.2700906991958618]], "shift_1": [[0.29631975293159485]]}, "epoch_80": {"shift_0": [[-0.2111184448003769]], "shift_1": [[0.36693912744522095]]}, "epoch_81": {"shift_0": [[-0.1680283546447754]], "shift_1": [[0.15785469114780426]]}, "epoch_82": {"shift_0": [[-0.2256113439798355]], "shift_1": [[0.33387458324432373]]}, "epoch_83": {"shift_0": [[-0.2852668762207031]], "shift_1": [[0.29714712500572205]]}, "epoch_84": {"shift_0": [[-0.2872765064239502]], "shift_1": [[0.3517853617668152]]}, "epoch_85": {"shift_0": [[-0.2328188419342041]], "shift_1": [[0.3029303252696991]]}, "epoch_86": {"shift_0": [[-0.1607074737548828]], "shift_1": [[0.2019997388124466]]}, "epoch_87": {"shift_0": [[-0.1520109623670578]], "shift_1": [[0.24468086659908295]]}, "epoch_88": {"shift_0": [[-0.22977608442306519]], "shift_1": [[0.28859320282936096]]}, "epoch_89": {"shift_0": [[-0.25638166069984436]], "shift_1": [[0.3569146394729614]]}, "epoch_90": {"shift_0": [[-0.24726970493793488]], "shift_1": [[0.3232978880405426]]}, "epoch_91": {"shift_0": [[-0.22045347094535828]], "shift_1": [[0.3064032196998596]]}, "epoch_92": {"shift_0": [[-0.14969651401042938]], "shift_1": [[0.2229258120059967]]}, "epoch_93": {"shift_0": [[-0.22297312319278717]], "shift_1": [[0.345526784658432]]}, "epoch_94": {"shift_0": [[-0.25136661529541016]],