{"epoch_1": [[-7.683862686157227], [-7.099047660827637], [-6.535564422607422], [-5.224384784698486], [-4.620117664337158], [-3.9052627086639404], [-3.453418731689453], [-3.1128289699554443], [-2.4094204902648926], [-1.2651166915893555], [-0.4526357650756836], [0.4275016784667969], [1.4298362731933594], [1.9578266143798828], [2.289156913757324], [3.177072525024414], [3.7463502883911133], [4.807547569274902], [5.906699180603027], [7.166133880615234]], "epoch_2": [[-7.673883438110352], [-7.084628582000732], [-6.5168256759643555], [-5.198332786560059], [-4.589518070220947], [-3.8695435523986816], [-3.414052724838257], [-3.070566415786743], [-2.3620948791503906], [-1.2109661102294922], [-0.392911434173584], [0.4930906295776367], [1.501765251159668], [2.033869743347168], [2.368030548095703], [3.261842727661133], [3.83547306060791], [4.903221130371094], [6.009051322937012], [7.275657653808594]], "epoch_3": [[-7.663941860198975], [-7.070222854614258], [-6.49807596206665], [-5.1722517013549805], [-4.558865547180176], [-3.833747148513794], [-3.374586582183838], [-3.0281829833984375], [-2.314624786376953], [-1.1566510200500488], [-0.33299922943115234], [0.5588898658752441], [1.5739269256591797], [2.1101694107055664], [2.44718074798584], [3.346912384033203], [3.9249191284179688], [4.999239921569824], [6.111769676208496], [7.385565757751465]], "epoch_4": [[-7.654055595397949], [-7.055848121643066], [-6.479333877563477], [-5.146161079406738], [-4.528179168701172], [-3.797893524169922], [-3.335040330886841], [-2.985699415206909], [-2.267030715942383], [-1.1021933555603027], [-0.2729215621948242], [0.6248769760131836], [1.6462974548339844], [2.1867008209228516], [2.526582717895508], [3.432257652282715], [4.014665603637695], [5.095578193664551], [6.2148284912109375], [7.4958343505859375]], "epoch_5": [[-7.644245147705078], [-7.041525363922119], [-6.4606194496154785], [-5.120082378387451], [-4.497481346130371], [-3.7620043754577637], [-3.295435905456543], [-2.9431371688842773], [-2.219334602355957], [-1.0476164817810059], [-0.21270227432250977], [0.6910271644592285], [1.718851089477539], [2.2634401321411133], [2.6062135696411133], [3.517852783203125], [4.1046857833862305], [5.192212104797363], [6.318202018737793], [7.6064348220825195]], "epoch_6": [[-7.634533405303955], [-7.027276992797852], [-6.441956520080566], [-5.0940399169921875], [-4.466795444488525], [-3.7261040210723877], [-3.255797863006592], [-2.9005208015441895], [-2.1715621948242188], [-0.9929466247558594], [-0.15236854553222656], [0.7573132514953613], [1.7915611267089844], [2.340357780456543], [2.6860427856445312], [3.6036691665649414], [4.194951057434082], [5.28911018371582], [6.4218597412109375], [7.717337608337402]], "epoch_7": [[-7.624944686889648], [-7.013128757476807], [-6.423369884490967], [-5.068059921264648], [-4.436148643493652], [-3.6902201175689697], [-3.216153383255005], [-2.857877731323242], [-2.1237406730651855], [-0.9382114410400391], [-0.0919489860534668], [0.8237051963806152], [1.864396095275879], [2.417424201965332], [2.7660417556762695], [3.689676284790039], [4.285430908203125], [5.386241912841797], [6.52577018737793], [7.828509330749512]], "epoch_8": [[-7.615508079528809], [-6.99910831451416], [-6.40488862991333], [-5.042171478271484], [-4.4055705070495605], [-3.6543819904327393], [-3.176532506942749], [-2.8152379989624023], [-2.0759005546569824], [-0.8834433555603027], [-0.03147602081298828], [0.8901710510253906], [1.9373226165771484], [2.4946060180664062], [2.846175193786621], [3.775838851928711], [4.376090049743652], [5.483572959899902], [6.629897117614746], [7.939913749694824]], "epoch_9": [[-7.6062541007995605], [-6.98524808883667], [-6.386544227600098], [-5.016407012939453], [-4.375093936920166], [-3.6186232566833496], [-3.1369686126708984], [-2.772634983062744], [-2.028076171875], [-0.828676700592041], [0.029015064239501953], [0.9566736221313477], [2.0103044509887695], [2.5718650817871094], [2.9264068603515625], [3.8621206283569336], [4.466892242431641], [5.581064224243164], [6.7342023849487305], [8.051512718200684]], "epoch_10": [[-7.597218036651611], [-6.971582412719727], [-6.368371963500977], [-4.990803241729736], [-4.344754695892334], [-3.582980155944824], [-3.0974979400634766], [-2.730104923248291], [-1.9803037643432617], [-0.7739500999450684], [0.08948516845703125], [1.0231742858886719], [2.0833005905151367], [2.6491613388061523], [3.0066967010498047], [3.948479652404785], [4.557795524597168], [5.67867374420166], [6.8386430740356445], [8.163263320922852]]}