{"epoch_1": {"shift_0": [[0.030240681022405624]]}, "epoch_2": {"shift_0": [[-0.03795018047094345]]}, "epoch_3": {"shift_0": [[-0.040686316788196564]]}, "epoch_4": {"shift_0": [[-0.02541898936033249]]}, "epoch_5": {"shift_0": [[-0.029606588184833527]]}, "epoch_6": {"shift_0": [[-0.04470377415418625]]}, "epoch_7": {"shift_0": [[-0.061183102428913116]]}, "epoch_8": {"shift_0": [[-0.06304843723773956]]}, "epoch_9": {"shift_0": [[-0.06361289322376251]]}, "epoch_10": {"shift_0": [[-0.04778391867876053]]}, "epoch_11": {"shift_0": [[-0.05522376671433449]]}, "epoch_12": {"shift_0": [[-0.06598193943500519]]}, "epoch_13": {"shift_0": [[-0.0659419596195221]]}, "epoch_14": {"shift_0": [[-0.08754436671733856]]}, "epoch_15": {"shift_0": [[-0.07257957756519318]]}, "epoch_16": {"shift_0": [[-0.0704798474907875]]}, "epoch_17": {"shift_0": [[-0.0793587937951088]]}, "epoch_18": {"shift_0": [[-0.07603409886360168]]}, "epoch_19": {"shift_0": [[-0.06412384659051895]]}, "epoch_20": {"shift_0": [[-0.06790884584188461]]}, "epoch_21": {"shift_0": [[-0.0755903571844101]]}, "epoch_22": {"shift_0": [[-0.07623962312936783]]}, "epoch_23": {"shift_0": [[-0.07354550808668137]]}, "epoch_24": {"shift_0": [[-0.08208789676427841]]}, "epoch_25": {"shift_0": [[-0.08802115172147751]]}, "epoch_26": {"shift_0": [[-0.09501875191926956]]}, "epoch_27": {"shift_0": [[-0.07715164870023727]]}, "epoch_28": {"shift_0": [[-0.06671315431594849]]}, "epoch_29": {"shift_0": [[-0.09520266205072403]]}, "epoch_30": {"shift_0": [[-0.0912042111158371]]}, "epoch_31": {"shift_0": [[-0.07269539684057236]]}, "epoch_32": {"shift_0": [[-0.08824225515127182]]}, "epoch_33": {"shift_0": [[-0.09411442279815674]]}, "epoch_34": {"shift_0": [[-0.10023122280836105]]}, "epoch_35": {"shift_0": [[-0.10734421014785767]]}, "epoch_36": {"shift_0": [[-0.10205060243606567]]}, "epoch_37": {"shift_0": [[-0.10749080777168274]]}, "epoch_38": {"shift_0": [[-0.09924193471670151]]}, "epoch_39": {"shift_0": [[-0.07639864832162857]]}, "epoch_40": {"shift_0": [[-0.07179594784975052]]}, "epoch_41": {"shift_0": [[-0.08295239508152008]]}, "epoch_42": {"shift_0": [[-0.07972916960716248]]}, "epoch_43": {"shift_0": [[-0.0834064781665802]]}, "epoch_44": {"shift_0": [[-0.08353132009506226]]}, "epoch_45": {"shift_0": [[-0.08084139227867126]]}, "epoch_46": {"shift_0": [[-0.0822172686457634]]}, "epoch_47": {"shift_0": [[-0.08358703553676605]]}, "epoch_48": {"shift_0": [[-0.0832386240363121]]}, "epoch_49": {"shift_0": [[-0.10936536639928818]]}, "epoch_50": {"shift_0": [[-0.06900293380022049]]}, "epoch_51": {"shift_0": [[-0.12483838200569153]]}, "epoch_52": {"shift_0": [[-0.0675891637802124]]}, "epoch_53": {"shift_0": [[-0.09908796846866608]]}, "epoch_54": {"shift_0": [[-0.0784846767783165]]}, "epoch_55": {"shift_0": [[-0.06334775686264038]]}, "epoch_56": {"shift_0": [[-0.09055297821760178]]}, "epoch_57": {"shift_0": [[-0.06647557020187378]]}, "epoch_58": {"shift_0": [[-0.10608083009719849]]}, "epoch_59": {"shift_0": [[-0.05548130348324776]]}, "epoch_60": {"shift_0": [[-0.11424429714679718]]}, "epoch_61": {"shift_0": [[-0.07522512972354889]]}, "epoch_62": {"shift_0": [[-0.07137752324342728]]}, "epoch_63": {"shift_0": [[-0.10309610515832901]]}, "epoch_64": {"shift_0": [[-0.09101186692714691]]}, "epoch_65": {"shift_0": [[-0.09395327419042587]]}, "epoch_66": {"shift_0": [[-0.09161259233951569]]}, "epoch_67": {"shift_0": [[-0.08833351731300354]]}, "epoch_68": {"shift_0": [[-0.11844189465045929]]}, "epoch_69": {"shift_0": [[-0.07251264154911041]]}, "epoch_70": {"shift_0": [[-0.08278889209032059]]}, "epoch_71": {"shift_0": [[-0.1157507449388504]]}, "epoch_72": {"shift_0": [[-0.10870812833309174]]}, "epoch_73": {"shift_0": [[-0.09864067286252975]]}, "epoch_74": {"shift_0": [[-0.10975530743598938]]}, "epoch_75": {"shift_0": [[-0.1011953204870224]]}, "epoch_76": {"shift_0": [[-0.09519229829311371]]}, "epoch_77": {"shift_0": [[-0.08973542600870132]]}, "epoch_78": {"shift_0": [[-0.0825834795832634]]}, "epoch_79": {"shift_0": [[-0.07441376149654388]]}, "epoch_80": {"shift_0": [[-0.08254075795412064]]}, "epoch_81": {"shift_0": [[-0.07838226854801178]]}, "epoch_82": {"shift_0": [[-0.07859363406896591]]}, "epoch_83": {"shift_0": [[-0.07065735757350922]]}, "epoch_84": {"shift_0": [[-0.08828683942556381]]}, "epoch_85": {"shift_0": [[-0.07395074516534805]]}, "epoch_86": {"shift_0": [[-0.08297180384397507]]}, "epoch_87": {"shift_0": [[-0.07766221463680267]]}, "epoch_88": {"shift_0": [[-0.081328846514225]]}, "epoch_89": {"shift_0": [[-0.08043067157268524]]}, "epoch_90": {"shift_0": [[-0.07775218784809113]]}, "epoch_91": {"shift_0": [[-0.08346469700336456]]}, "epoch_92": {"shift_0": [[-0.08171645551919937]]}, "epoch_93": {"shift_0": [[-0.07893926650285721]]}, "epoch_94": {"shift_0": [[-0.0807420164346695]]}, "epoch_95": {"shift_0": [[-0.08096980303525925]]}, "epoch_96": {"shift_0": [[-0.08067531883716583]]}, "epoch_97": {"shift_0": [[-0.08078330010175705]]}, "epoch_98": {"shift_0": [[-0.10605429112911224]]}, "epoch_99": {"shift_0": [[-0.10029900074005127]]}, "epoch_100": {"shift_0": [[-0.03269590437412262]]}}