{
    "x1": [
        0.08956775421761023,
        1.8970188322065868
    ],
    "T": [
        0.0,
        1.0
    ],
    "x2": [
        -1.1464454505610635,
        0.05913048512722004
    ],
    "y": [
        0.6482708092441051,
        7.750556919085388
    ]
}