{
    "x1": [
        0.09812964320707113,
        1.9036138821983333
    ],
    "T": [
        0.0,
        1.0
    ],
    "x2": [
        -1.1548327946731585,
        0.05540400662929215
    ],
    "y": [
        0.603529329151604,
        7.700266865231094
    ]
}