{
    "x1": [
        0.098432498621626,
        1.9006609874303548
    ],
    "T": [
        0.0,
        1.0
    ],
    "x2": [
        -1.1561322736643533,
        0.05310713510028754
    ],
    "y": [
        0.7074647446372688,
        7.705645623051501
    ]
}