{"epoch_1": {"ls(x1)": -0.08463456481695175}, "epoch_2": {"ls(x1)": -0.14138250052928925}, "epoch_3": {"ls(x1)": -0.14259152114391327}, "epoch_4": {"ls(x1)": -0.14348827302455902}, "epoch_5": {"ls(x1)": -0.14559857547283173}, "epoch_6": {"ls(x1)": -0.14842265844345093}, "epoch_7": {"ls(x1)": -0.15432244539260864}, "epoch_8": {"ls(x1)": -0.1626487672328949}, "epoch_9": {"ls(x1)": -0.1707676202058792}, "epoch_10": {"ls(x1)": -0.17994286119937897}, "epoch_11": {"ls(x1)": -0.19164404273033142}, "epoch_12": {"ls(x1)": -0.20625858008861542}, "epoch_13": {"ls(x1)": -0.2049960494041443}, "epoch_14": {"ls(x1)": -0.22339679300785065}, "epoch_15": {"ls(x1)": -0.24381916224956512}, "epoch_16": {"ls(x1)": -0.2519446909427643}, "epoch_17": {"ls(x1)": -0.2847486436367035}, "epoch_18": {"ls(x1)": -0.284580260515213}, "epoch_19": {"ls(x1)": -0.2902706265449524}, "epoch_20": {"ls(x1)": -0.3114244341850281}, "epoch_21": {"ls(x1)": -0.33339884877204895}, "epoch_22": {"ls(x1)": -0.34457045793533325}, "epoch_23": {"ls(x1)": -0.3486950695514679}, "epoch_24": {"ls(x1)": -0.36754530668258667}, "epoch_25": {"ls(x1)": -0.3919093906879425}, "epoch_26": {"ls(x1)": -0.3940277397632599}, "epoch_27": {"ls(x1)": -0.39884334802627563}, "epoch_28": {"ls(x1)": -0.4044725000858307}, "epoch_29": {"ls(x1)": -0.4232428967952728}, "epoch_30": {"ls(x1)": -0.4299217164516449}, "epoch_31": {"ls(x1)": -0.45018163323402405}, "epoch_32": {"ls(x1)": -0.45060110092163086}, "epoch_33": {"ls(x1)": -0.45956113934516907}, "epoch_34": {"ls(x1)": -0.46930867433547974}, "epoch_35": {"ls(x1)": -0.49322715401649475}, "epoch_36": {"ls(x1)": -0.4911941587924957}, "epoch_37": {"ls(x1)": -0.5043280720710754}, "epoch_38": {"ls(x1)": -0.5159154534339905}, "epoch_39": {"ls(x1)": -0.5176860690116882}, "epoch_40": {"ls(x1)": -0.5122759938240051}, "epoch_41": {"ls(x1)": -0.5399819016456604}, "epoch_42": {"ls(x1)": -0.5293047428131104}, "epoch_43": {"ls(x1)": -0.5465978384017944}, "epoch_44": {"ls(x1)": -0.5558865070343018}, "epoch_45": {"ls(x1)": -0.5547360777854919}, "epoch_46": {"ls(x1)": -0.5678431987762451}, "epoch_47": {"ls(x1)": -0.5667433738708496}, "epoch_48": {"ls(x1)": -0.5818622708320618}, "epoch_49": {"ls(x1)": -0.5942583084106445}, "epoch_50": {"ls(x1)": -0.6132414937019348}, "epoch_51": {"ls(x1)": -0.5997403264045715}, "epoch_52": {"ls(x1)": -0.6064160466194153}, "epoch_53": {"ls(x1)": -0.6110793948173523}, "epoch_54": {"ls(x1)": -0.5945712327957153}, "epoch_55": {"ls(x1)": -0.6228479146957397}, "epoch_56": {"ls(x1)": -0.6209872364997864}, "epoch_57": {"ls(x1)": -0.6168400049209595}, "epoch_58": {"ls(x1)": -0.6341884732246399}, "epoch_59": {"ls(x1)": -0.6407558917999268}, "epoch_60": {"ls(x1)": -0.63848477602005}, "epoch_61": {"ls(x1)": -0.6335892677307129}, "epoch_62": {"ls(x1)": -0.6460239887237549}, "epoch_63": {"ls(x1)": -0.6512469053268433}, "epoch_64": {"ls(x1)": -0.6533081531524658}, "epoch_65": {"ls(x1)": -0.656535267829895}, "epoch_66": {"ls(x1)": -0.6622301340103149}, "epoch_67": {"ls(x1)": -0.6585857272148132}, "epoch_68": {"ls(x1)": -0.6658183336257935}, "epoch_69": {"ls(x1)": -0.6742016673088074}, "epoch_70": {"ls(x1)": -0.6786406636238098}, "epoch_71": {"ls(x1)": -0.6702698469161987}, "epoch_72": {"ls(x1)": -0.6907665133476257}, "epoch_73": {"ls(x1)": -0.6763304471969604}, "epoch_74": {"ls(x1)": -0.6713539361953735}, "epoch_75": {"ls(x1)": -0.691451907157898}, "epoch_76": {"ls(x1)": -0.6751073002815247}, "epoch_77": {"ls(x1)": -0.6869714260101318}, "epoch_78": {"ls(x1)": -0.7051395177841187}, "epoch_79": {"ls(x1)": -0.6969294548034668}, "epoch_80": {"ls(x1)": -0.7046030759811401}, "epoch_81": {"ls(x1)": -0.703855574131012}, "epoch_82": {"ls(x1)": -0.7148082256317139}, "epoch_83": {"ls(x1)": -0.7100021839141846}, "epoch_84": {"ls(x1)": -0.7062488198280334}, "epoch_85": {"ls(x1)": -0.7155521512031555}, "epoch_86": {"ls(x1)": -0.7216381430625916}, "epoch_87": {"ls(x1)": -0.7211320400238037}, "epoch_88": {"ls(x1)": -0.7230113744735718}, "epoch_89": {"ls(x1)": -0.720041036605835}, "epoch_90": {"ls(x1)": -0.7284384965896606}, "epoch_91": {"ls(x1)": -0.7388297915458679}, "epoch_92": {"ls(x1)": -0.7406457662582397}, "epoch_93": {"ls(x1)": -0.7241833209991455}, "epoch_94": {"ls(x1)": -0.7316213846206665}, "epoch_95": {"ls(x1)": -0.7337697148323059}, "epoch_96": {"ls(x1)": -0.7360945343971252}, "epoch_97": {"ls(x1)": -0.7475507855415344}, "epoch_98": {"ls(x1)": -0.7353268265724182}, "epoch_99": {"ls(x1)": -0.7451151609420776}, "epoch_100": {"ls(x1)": -0.7438617944717407}, "epoch_101": {"ls(x1)": -0.7594373226165771}, "epoch_102": {"ls(x1)": -0.751776397228241}, "epoch_103": {"ls(x1)": -0.7651116847991943}, "epoch_104": {"ls(x1)": -0.7697169780731201}, "epoch_105": {"ls(x1)": -0.7643035054206848}, "epoch_106": {"ls(x1)": -0.7520620226860046}, "epoch_107": {"ls(x1)": -0.7815269827842712}, "epoch_108": {"ls(x1)": -0.782997190952301}, "epoch_109": {"ls(x1)": -0.7750021815299988}, "epoch_110": {"ls(x1)": -0.7880359292030334}, "epoch_111": {"ls(x1)": -0.7781345844268799}, "epoch_112": {"ls(x1)": -0.7810373902320862}, "epoch_113": {"ls(x1)": -0.7965219616889954}, "epoch_114": {"ls(x1)": -0.778420090675354}, "epoch_115": {"ls(x1)": -0.8018161654472351}, "epoch_116": {"ls(x1)": -0.7878456711769104}, "epoch_117": {"ls(x1)": -0.7855474352836609}, "epoch_118": {"ls(x1)": -0.79844069480896}, "epoch_119": {"ls(x1)": -0.7991157174110413}, "epoch_120": {"ls(x1)": -0.7874469757080078}, "epoch_121": {"ls(x1)": -0.8025727868080139}, "epoch_122": {"ls(x1)": -0.7949517965316772}, "epoch_123": {"ls(x1)": -0.8013454079627991}, "epoch_124": {"ls(x1)": -0.8109869956970215}, "epoch_125": {"ls(x1)": -0.8072558045387268}, "epoch_126": {"ls(x1)": -0.8185411691665649}, "epoch_127": {"ls(x1)": -0.8119505047798157}, "epoch_128": {"ls(x1)": -0.8078519701957703}, "epoch_129": {"ls(x1)": -0.8085947632789612}, "epoch_130": {"ls(x1)": -0.8148288130760193}, "epoch_131": {"ls(x1)": -0.8361449241638184}, "epoch_132": {"ls(x1)": -0.8245604038238525}, "epoch_133": {"ls(x1)": -0.818535327911377}, "epoch_134": {"ls(x1)": -0.8187338709831238}, "epoch_135": {"ls(x1)": -0.8249099254608154}, "epoch_136": {"ls(x1)": -0.8114696145057678}, "epoch_137": {"ls(x1)": -0.8389773964881897}, "epoch_138": {"ls(x1)": -0.8420131206512451}, "epoch_139": {"ls(x1)": -0.8443986773490906}, "epoch_140": {"ls(x1)": -0.8476812839508057}, "epoch_141": {"ls(x1)": -0.8402658700942993}, "epoch_142": {"ls(x1)": -0.8411858081817627}, "epoch_143": {"ls(x1)": -0.8268584609031677}, "epoch_144": {"ls(x1)": -0.8449919819831848}, "epoch_145": {"ls(x1)": -0.8361156582832336}, "epoch_146": {"ls(x1)": -0.8528839349746704}, "epoch_147": {"ls(x1)": -0.8448969721794128}, "epoch_148": {"ls(x1)": -0.8528783917427063}, "epoch_149": {"ls(x1)": -0.837239146232605}, "epoch_150": {"ls(x1)": -0.8394659757614136}, "epoch_151": {"ls(x1)": -0.8471914529800415}, "epoch_152": {"ls(x1)": -0.830876886844635}, "epoch_153": {"ls(x1)": -0.8414670825004578}, "epoch_154": {"ls(x1)": -0.8446416854858398}, "epoch_155": {"ls(x1)": -0.8558290600776672}, "epoch_156": {"ls(x1)": -0.8471891283988953}, "epoch_157": {"ls(x1)": -0.8461628556251526}, "epoch_158": {"ls(x1)": -0.8452311158180237}, "epoch_159": {"ls(x1)": -0.8304229378700256}, "epoch_160": {"ls(x1)": -0.8462581634521484}, "epoch_161": {"ls(x1)": -0.8469460606575012}, "epoch_162": {"ls(x1)": -0.8430670499801636}, "epoch_163": {"ls(x1)": -0.8537415266036987}, "epoch_164": {"ls(x1)": -0.8491091132164001}, "epoch_165": {"ls(x1)": -0.8305473327636719}, "epoch_166": {"ls(x1)": -0.8376237750053406}, "epoch_167": {"ls(x1)": -0.830275297164917}, "epoch_168": {"ls(x1)": -0.8451657295227051}, "epoch_169": {"ls(x1)": -0.8518472909927368}, "epoch_170": {"ls(x1)": -0.8517946004867554}, "epoch_171": {"ls(x1)": -0.8338640928268433}, "epoch_172": {"ls(x1)": -0.8523271083831787}, "epoch_173": {"ls(x1)": -0.8564183712005615}, "epoch_174": {"ls(x1)": -0.8600125312805176}, "epoch_175": {"ls(x1)": -0.8459084033966064}, "epoch_176": {"ls(x1)": -0.8488252758979797},