{"epoch_1": {"ls(x1)": -0.7111383676528931, "ls(T)": -0.09042035788297653, "ls(x2)": 0.8859877586364746}, "epoch_2": {"ls(x1)": -0.7011417150497437, "ls(T)": -0.08042382448911667, "ls(x2)": 0.87599116563797}, "epoch_3": {"ls(x1)": -0.6911508440971375, "ls(T)": -0.07043325155973434, "ls(x2)": 0.8660004734992981}, "epoch_4": {"ls(x1)": -0.6811683177947998, "ls(T)": -0.06045126914978027, "ls(x2)": 0.8560183048248291}, "epoch_5": {"ls(x1)": -0.6711968779563904, "ls(T)": -0.05048064887523651, "ls(x2)": 0.8460473418235779}, "epoch_6": {"ls(x1)": -0.6612393260002136, "ls(T)": -0.04052429646253586, "ls(x2)": 0.8360905051231384}, "epoch_7": {"ls(x1)": -0.6512986421585083, "ls(T)": -0.0305852722376585, "ls(x2)": 0.8261507749557495}, "epoch_8": {"ls(x1)": -0.6413779854774475, "ls(T)": -0.020666765049099922, "ls(x2)": 0.816231369972229}, "epoch_9": {"ls(x1)": -0.6314806938171387, "ls(T)": -0.01077211368829012, "ls(x2)": 0.8063355088233948}, "epoch_10": {"ls(x1)": -0.6216101050376892, "ls(T)": -0.0009047957137227058, "ls(x2)": 0.7964667081832886}, "epoch_11": {"ls(x1)": -0.6117698550224304, "ls(T)": 0.008931568823754787, "ls(x2)": 0.7866284847259521}, "epoch_12": {"ls(x1)": -0.6019636392593384, "ls(T)": 0.018733220174908638, "ls(x2)": 0.7768245935440063}, "epoch_13": {"ls(x1)": -0.5921952724456787, "ls(T)": 0.028496261686086655, "ls(x2)": 0.7670588493347168}, "epoch_14": {"ls(x1)": -0.5824688076972961, "ls(T)": 0.038216665387153625, "ls(x2)": 0.7573352456092834}, "epoch_15": {"ls(x1)": -0.572788417339325, "ls(T)": 0.04789026081562042, "ls(x2)": 0.7476578950881958}, "epoch_16": {"ls(x1)": -0.5631583333015442, "ls(T)": 0.05751275643706322, "ls(x2)": 0.7380310297012329}, "epoch_17": {"ls(x1)": -0.553583025932312, "ls(T)": 0.06707973778247833, "ls(x2)": 0.7284590005874634}, "epoch_18": {"ls(x1)": -0.5440669655799866, "ls(T)": 0.07658666372299194, "ls(x2)": 0.7189462780952454}, "epoch_19": {"ls(x1)": -0.5346148610115051, "ls(T)": 0.08602888882160187, "ls(x2)": 0.7094974517822266}, "epoch_20": {"ls(x1)": -0.5252314805984497, "ls(T)": 0.09540165960788727, "ls(x2)": 0.7001172304153442}, "epoch_21": {"ls(x1)": -0.5159217119216919, "ls(T)": 0.10470011830329895, "ls(x2)": 0.6908104419708252}, "epoch_22": {"ls(x1)": -0.506690502166748, "ls(T)": 0.11391931772232056, "ls(x2)": 0.6815819144248962}, "epoch_23": {"ls(x1)": -0.49754297733306885, "ls(T)": 0.12305422872304916, "ls(x2)": 0.6724365949630737}, "epoch_24": {"ls(x1)": -0.488484263420105, "ls(T)": 0.13209974765777588, "ls(x2)": 0.6633795499801636}, "epoch_25": {"ls(x1)": -0.4795196056365967, "ls(T)": 0.14105072617530823, "ls(x2)": 0.6544158458709717}, "epoch_26": {"ls(x1)": -0.47065430879592896, "ls(T)": 0.14990195631980896, "ls(x2)": 0.6455506086349487}, "epoch_27": {"ls(x1)": -0.4618936777114868, "ls(T)": 0.15864819288253784, "ls(x2)": 0.6367890238761902}, "epoch_28": {"ls(x1)": -0.45324307680130005, "ls(T)": 0.16728417575359344, "ls(x2)": 0.6281362771987915}, "epoch_29": {"ls(x1)": -0.4447079002857208, "ls(T)": 0.17580461502075195, "ls(x2)": 0.6195975542068481}, "epoch_30": {"ls(x1)": -0.43629351258277893, "ls(T)": 0.18420426547527313, "ls(x2)": 0.6111780405044556}, "epoch_31": {"ls(x1)": -0.42800527811050415, "ls(T)": 0.19247789680957794, "ls(x2)": 0.6028828620910645}, "epoch_32": {"ls(x1)": -0.4198485016822815, "ls(T)": 0.20062030851840973, "ls(x2)": 0.5947171449661255}, "epoch_33": {"ls(x1)": -0.41182848811149597, "ls(T)": 0.20862635970115662, "ls(x2)": 0.5866859555244446}, "epoch_34": {"ls(x1)": -0.40395042300224304, "ls(T)": 0.2164909988641739, "ls(x2)": 0.5787942409515381}, "epoch_35": {"ls(x1)": -0.396219402551651, "ls(T)": 0.2242092788219452, "ls(x2)": 0.5710469484329224}, "epoch_36": {"ls(x1)": -0.388640433549881, "ls(T)": 0.23177634179592133, "ls(x2)": 0.5634487867355347}, "epoch_37": {"ls(x1)": -0.3812183737754822, "ls(T)": 0.23918749392032623, "ls(x2)": 0.5560043454170227}, "epoch_38": {"ls(x1)": -0.37395793199539185, "ls(T)": 0.2464381903409958, "ls(x2)": 0.5487181544303894}, "epoch_39": {"ls(x1)": -0.3668636679649353, "ls(T)": 0.2535240352153778, "ls(x2)": 0.5415945053100586}, "epoch_40": {"ls(x1)": -0.35993990302085876, "ls(T)": 0.2604408860206604, "ls(x2)": 0.5346375107765198}, "epoch_41": {"ls(x1)": -0.3531907796859741, "ls(T)": 0.2671847343444824, "ls(x2)": 0.5278510451316833}, "epoch_42": {"ls(x1)": -0.34662020206451416, "ls(T)": 0.2737518548965454, "ls(x2)": 0.5212388038635254}, "epoch_43": {"ls(x1)": -0.34023183584213257, "ls(T)": 0.28013876080513, "ls(x2)": 0.5148041844367981}, "epoch_44": {"ls(x1)": -0.33402904868125916, "ls(T)": 0.28634223341941833, "ls(x2)": 0.5085503458976746}, "epoch_45": {"ls(x1)": -0.32801496982574463, "ls(T)": 0.29235929250717163, "ls(x2)": 0.5024802088737488}, "epoch_46": {"ls(x1)": -0.32219240069389343, "ls(T)": 0.2981873154640198, "ls(x2)": 0.4965963661670685}, "epoch_47": {"ls(x1)": -0.31656384468078613, "ls(T)": 0.30382391810417175, "ls(x2)": 0.4909011125564575}, "epoch_48": {"ls(x1)": -0.3111315071582794, "ls(T)": 0.3092670738697052, "ls(x2)": 0.48539644479751587}, "epoch_49": {"ls(x1)": -0.30589720606803894, "ls(T)": 0.314515084028244, "ls(x2)": 0.48008400201797485}, "epoch_50": {"ls(x1)": -0.30086246132850647, "ls(T)": 0.3195665776729584, "ls(x2)": 0.4749651551246643}}