{"epoch_1": {"shift_0": [[-0.6182718873023987]]}, "epoch_2": {"shift_0": [[-0.7911732196807861]]}, "epoch_3": {"shift_0": [[-0.9420651197433472]]}, "epoch_4": {"shift_0": [[-0.8671586513519287]]}, "epoch_5": {"shift_0": [[-0.8598644733428955]]}, "epoch_6": {"shift_0": [[-0.8864401578903198]]}, "epoch_7": {"shift_0": [[-0.8609253764152527]]}, "epoch_8": {"shift_0": [[-0.849797785282135]]}, "epoch_9": {"shift_0": [[-0.839558482170105]]}, "epoch_10": {"shift_0": [[-0.8444139361381531]]}, "epoch_11": {"shift_0": [[-0.9387830495834351]]}, "epoch_12": {"shift_0": [[-0.7172757983207703]]}, "epoch_13": {"shift_0": [[-0.8522394299507141]]}, "epoch_14": {"shift_0": [[-0.7451806664466858]]}, "epoch_15": {"shift_0": [[-0.737945020198822]]}, "epoch_16": {"shift_0": [[-0.7223290205001831]]}, "epoch_17": {"shift_0": [[-0.7076990008354187]]}, "epoch_18": {"shift_0": [[-0.6157954335212708]]}, "epoch_19": {"shift_0": [[-0.5347840189933777]]}, "epoch_20": {"shift_0": [[-0.6043574213981628]]}, "epoch_21": {"shift_0": [[-0.6385998129844666]]}, "epoch_22": {"shift_0": [[-0.5028509497642517]]}, "epoch_23": {"shift_0": [[-0.6049625873565674]]}, "epoch_24": {"shift_0": [[-0.5645312666893005]]}, "epoch_25": {"shift_0": [[-0.4773648977279663]]}, "epoch_26": {"shift_0": [[-0.49996131658554077]]}, "epoch_27": {"shift_0": [[-0.5076689124107361]]}, "epoch_28": {"shift_0": [[-0.5176402926445007]]}, "epoch_29": {"shift_0": [[-0.5141355991363525]]}, "epoch_30": {"shift_0": [[-0.5134159922599792]]}, "epoch_31": {"shift_0": [[-0.5210464000701904]]}, "epoch_32": {"shift_0": [[-0.4493085741996765]]}, "epoch_33": {"shift_0": [[-0.39596137404441833]]}, "epoch_34": {"shift_0": [[-0.41862061619758606]]}, "epoch_35": {"shift_0": [[-0.3769379258155823]]}, "epoch_36": {"shift_0": [[-0.27624884247779846]]}, "epoch_37": {"shift_0": [[-0.3267137110233307]]}, "epoch_38": {"shift_0": [[-0.3131244480609894]]}, "epoch_39": {"shift_0": [[-0.19722899794578552]]}, "epoch_40": {"shift_0": [[-0.22019460797309875]]}, "epoch_41": {"shift_0": [[-0.1898350864648819]]}, "epoch_42": {"shift_0": [[-0.14668263494968414]]}, "epoch_43": {"shift_0": [[-0.15854546427726746]]}, "epoch_44": {"shift_0": [[-0.12634769082069397]]}, "epoch_45": {"shift_0": [[-0.10405679792165756]]}, "epoch_46": {"shift_0": [[-0.13393664360046387]]}, "epoch_47": {"shift_0": [[-0.11038904637098312]]}, "epoch_48": {"shift_0": [[-0.0431717112660408]]}, "epoch_49": {"shift_0": [[-0.10530836135149002]]}, "epoch_50": {"shift_0": [[-0.06056554242968559]]}}