{"epoch_1": {"ls(T)": -0.21596036851406097}, "epoch_2": {"ls(T)": -0.20596756041049957}, "epoch_3": {"ls(T)": -0.19598700106143951}, "epoch_4": {"ls(T)": -0.18602393567562103}, "epoch_5": {"ls(T)": -0.17608381807804108}, "epoch_6": {"ls(T)": -0.16617226600646973}, "epoch_7": {"ls(T)": -0.1562950760126114}, "epoch_8": {"ls(T)": -0.1464581936597824}, "epoch_9": {"ls(T)": -0.13666772842407227}, "epoch_10": {"ls(T)": -0.12692993879318237}, "epoch_11": {"ls(T)": -0.1172511875629425}, "epoch_12": {"ls(T)": -0.10763797163963318}, "epoch_13": {"ls(T)": -0.09809686988592148}, "epoch_14": {"ls(T)": -0.08863456547260284}, "epoch_15": {"ls(T)": -0.0792577937245369}, "epoch_16": {"ls(T)": -0.06997335702180862}, "epoch_17": {"ls(T)": -0.060788072645664215}, "epoch_18": {"ls(T)": -0.05170878395438194}, "epoch_19": {"ls(T)": -0.04274231940507889}, "epoch_20": {"ls(T)": -0.03389549255371094}, "epoch_21": {"ls(T)": -0.025175053626298904}, "epoch_22": {"ls(T)": -0.01658768765628338}, "epoch_23": {"ls(T)": -0.008139985613524914}, "epoch_24": {"ls(T)": 0.0001615826040506363}, "epoch_25": {"ls(T)": 0.00831068679690361}, "epoch_26": {"ls(T)": 0.016301166266202927}, "epoch_27": {"ls(T)": 0.0241270512342453}, "epoch_28": {"ls(T)": 0.03178258612751961}, "epoch_29": {"ls(T)": 0.03926226124167442}, "epoch_30": {"ls(T)": 0.046560827642679214}, "epoch_31": {"ls(T)": 0.05367332696914673}, "epoch_32": {"ls(T)": 0.06059511378407478}, "epoch_33": {"ls(T)": 0.06732188165187836}, "epoch_34": {"ls(T)": 0.07384967058897018}, "epoch_35": {"ls(T)": 0.08017490059137344}, "epoch_36": {"ls(T)": 0.08629438281059265}, "epoch_37": {"ls(T)": 0.09220535308122635}, "epoch_38": {"ls(T)": 0.09790545701980591}, "epoch_39": {"ls(T)": 0.10339277982711792}, "epoch_40": {"ls(T)": 0.10866585373878479}, "epoch_41": {"ls(T)": 0.11372368037700653}, "epoch_42": {"ls(T)": 0.11856570094823837}, "epoch_43": {"ls(T)": 0.12319183349609375}, "epoch_44": {"ls(T)": 0.1276024580001831}, "epoch_45": {"ls(T)": 0.1317984163761139}, "epoch_46": {"ls(T)": 0.13578099012374878}, "epoch_47": {"ls(T)": 0.13955192267894745}, "epoch_48": {"ls(T)": 0.1431133896112442}, "epoch_49": {"ls(T)": 0.14646798372268677}, "epoch_50": {"ls(T)": 0.1496187150478363}}