{"epoch_1": {"shift_1": [[0.14611826837062836]]}, "epoch_2": {"shift_1": [[0.012850497849285603]]}, "epoch_3": {"shift_1": [[-0.10804818570613861]]}, "epoch_4": {"shift_1": [[-0.2130347639322281]]}, "epoch_5": {"shift_1": [[-0.2874329686164856]]}, "epoch_6": {"shift_1": [[-0.3753642141819]]}, "epoch_7": {"shift_1": [[-0.46047988533973694]]}, "epoch_8": {"shift_1": [[-0.5406352877616882]]}, "epoch_9": {"shift_1": [[-0.6142598986625671]]}, "epoch_10": {"shift_1": [[-0.681979238986969]]}, "epoch_11": {"shift_1": [[-0.7452431321144104]]}, "epoch_12": {"shift_1": [[-0.8044556379318237]]}, "epoch_13": {"shift_1": [[-0.8617810010910034]]}, "epoch_14": {"shift_1": [[-0.9187317490577698]]}, "epoch_15": {"shift_1": [[-0.9745493531227112]]}, "epoch_16": {"shift_1": [[-1.0281623601913452]]}, "epoch_17": {"shift_1": [[-1.0811222791671753]]}, "epoch_18": {"shift_1": [[-1.1348835229873657]]}, "epoch_19": {"shift_1": [[-1.1875537633895874]]}, "epoch_20": {"shift_1": [[-1.2401973009109497]]}, "epoch_21": {"shift_1": [[-1.2915592193603516]]}, "epoch_22": {"shift_1": [[-1.3412878513336182]]}, "epoch_23": {"shift_1": [[-1.3920035362243652]]}, "epoch_24": {"shift_1": [[-1.4406479597091675]]}, "epoch_25": {"shift_1": [[-1.4894795417785645]]}, "epoch_26": {"shift_1": [[-1.5386583805084229]]}, "epoch_27": {"shift_1": [[-1.586256742477417]]}, "epoch_28": {"shift_1": [[-1.6337649822235107]]}, "epoch_29": {"shift_1": [[-1.6797717809677124]]}, "epoch_30": {"shift_1": [[-1.7264108657836914]]}, "epoch_31": {"shift_1": [[-1.7724560499191284]]}, "epoch_32": {"shift_1": [[-1.8179763555526733]]}, "epoch_33": {"shift_1": [[-1.8632701635360718]]}, "epoch_34": {"shift_1": [[-1.9072860479354858]]}, "epoch_35": {"shift_1": [[-1.9512170553207397]]}, "epoch_36": {"shift_1": [[-1.9962610006332397]]}, "epoch_37": {"shift_1": [[-2.0401124954223633]]}, "epoch_38": {"shift_1": [[-2.0836966037750244]]}, "epoch_39": {"shift_1": [[-2.126091241836548]]}, "epoch_40": {"shift_1": [[-2.169947385787964]]}, "epoch_41": {"shift_1": [[-2.2101807594299316]]}, "epoch_42": {"shift_1": [[-2.251704216003418]]}, "epoch_43": {"shift_1": [[-2.2935712337493896]]}, "epoch_44": {"shift_1": [[-2.3351662158966064]]}, "epoch_45": {"shift_1": [[-2.3762588500976562]]}, "epoch_46": {"shift_1": [[-2.417438268661499]]}, "epoch_47": {"shift_1": [[-2.457946300506592]]}, "epoch_48": {"shift_1": [[-2.498375654220581]]}, "epoch_49": {"shift_1": [[-2.537496566772461]]}, "epoch_50": {"shift_1": [[-2.578240156173706]]}, "epoch_51": {"shift_1": [[-2.58101749420166]]}, "epoch_52": {"shift_1": [[-2.5930471420288086]]}, "epoch_53": {"shift_1": [[-2.6181626319885254]]}, "epoch_54": {"shift_1": [[-2.6534976959228516]]}, "epoch_55": {"shift_1": [[-2.7000105381011963]]}, "epoch_56": {"shift_1": [[-2.7558040618896484]]}, "epoch_57": {"shift_1": [[-2.8184523582458496]]}, "epoch_58": {"shift_1": [[-2.8847625255584717]]}, "epoch_59": {"shift_1": [[-2.9534993171691895]]}, "epoch_60": {"shift_1": [[-3.022507905960083]]}, "epoch_61": {"shift_1": [[-3.091987371444702]]}, "epoch_62": {"shift_1": [[-3.16064453125]]}, "epoch_63": {"shift_1": [[-3.229290008544922]]}, "epoch_64": {"shift_1": [[-3.2970285415649414]]}, "epoch_65": {"shift_1": [[-3.3637936115264893]]}, "epoch_66": {"shift_1": [[-3.430065870285034]]}, "epoch_67": {"shift_1": [[-3.4952893257141113]]}, "epoch_68": {"shift_1": [[-3.5590715408325195]]}, "epoch_69": {"shift_1": [[-3.6232094764709473]]}, "epoch_70": {"shift_1": [[-3.6861703395843506]]}, "epoch_71": {"shift_1": [[-3.7480404376983643]]}, "epoch_72": {"shift_1": [[-3.810135841369629]]}, "epoch_73": {"shift_1": [[-3.8719842433929443]]}, "epoch_74": {"shift_1": [[-3.9328839778900146]]}, "epoch_75": {"shift_1": [[-3.9925074577331543]]}, "epoch_76": {"shift_1": [[-4.052478313446045]]}, "epoch_77": {"shift_1": [[-4.112154960632324]]}, "epoch_78": {"shift_1": [[-4.170316219329834]]}, "epoch_79": {"shift_1": [[-4.228514671325684]]}, "epoch_80": {"shift_1": [[-4.286349773406982]]}, "epoch_81": {"shift_1": [[-4.344473361968994]]}, "epoch_82": {"shift_1": [[-4.401092529296875]]}, "epoch_83": {"shift_1": [[-4.458880424499512]]}, "epoch_84": {"shift_1": [[-4.515000343322754]]}, "epoch_85": {"shift_1": [[-4.571766376495361]]}, "epoch_86": {"shift_1": [[-4.62631368637085]]}, "epoch_87": {"shift_1": [[-4.681868553161621]]}, "epoch_88": {"shift_1": [[-4.736361026763916]]}, "epoch_89": {"shift_1": [[-4.789379596710205]]}, "epoch_90": {"shift_1": [[-4.842833995819092]]}, "epoch_91": {"shift_1": [[-4.897847652435303]]}, "epoch_92": {"shift_1": [[-4.951041221618652]]}, "epoch_93": {"shift_1": [[-5.004663467407227]]}, "epoch_94": {"shift_1": [[-5.05843448638916]]}, "epoch_95": {"shift_1": [[-5.11174201965332]]}, "epoch_96": {"shift_1": [[-5.16353702545166]]}, "epoch_97": {"shift_1": [[-5.2156195640563965]]}, "epoch_98": {"shift_1": [[-5.267523765563965]]}, "epoch_99": {"shift_1": [[-5.320556163787842]]}, "epoch_100": {"shift_1": [[-5.373465538024902]]}, "epoch_101": {"shift_1": [[-5.4261345863342285]]}, "epoch_102": {"shift_1": [[-5.479252815246582]]}, "epoch_103": {"shift_1": [[-5.531429290771484]]}, "epoch_104": {"shift_1": [[-5.581412315368652]]}, "epoch_105": {"shift_1": [[-5.632051467895508]]}, "epoch_106": {"shift_1": [[-5.682458400726318]]}, "epoch_107": {"shift_1": [[-5.732684135437012]]}, "epoch_108": {"shift_1": [[-5.782775402069092]]}, "epoch_109": {"shift_1": [[-5.832406520843506]]}, "epoch_110": {"shift_1": [[-5.884800434112549]]}, "epoch_111": {"shift_1": [[-5.934600353240967]]}, "epoch_112": {"shift_1": [[-5.983574867248535]]}, "epoch_113": {"shift_1": [[-6.032989978790283]]}, "epoch_114": {"shift_1": [[-6.081630229949951]]}, "epoch_115": {"shift_1": [[-6.131237030029297]]}, "epoch_116": {"shift_1": [[-6.1824188232421875]]}, "epoch_117": {"shift_1": [[-6.232381343841553]]}, "epoch_118": {"shift_1": [[-6.279461860656738]]}, "epoch_119": {"shift_1": [[-6.328279972076416]]}, "epoch_120": {"shift_1": [[-6.376745700836182]]}, "epoch_121": {"shift_1": [[-6.4269819259643555]]}, "epoch_122": {"shift_1": [[-6.475661277770996]]}, "epoch_123": {"shift_1": [[-6.525365352630615]]}, "epoch_124": {"shift_1": [[-6.573408603668213]]}, "epoch_125": {"shift_1": [[-6.620701313018799]]}, "epoch_126": {"shift_1": [[-6.6687541007995605]]}, "epoch_127": {"shift_1": [[-6.715743541717529]]}, "epoch_128": {"shift_1": [[-6.764882564544678]]}, "epoch_129": {"shift_1": [[-6.812444686889648]]}, "epoch_130": {"shift_1": [[-6.858592510223389]]}, "epoch_131": {"shift_1": [[-6.906845569610596]]}, "epoch_132": {"shift_1": [[-6.955320358276367]]}, "epoch_133": {"shift_1": [[-7.003632545471191]]}, "epoch_134": {"shift_1": [[-7.049503326416016]]}, "epoch_135": {"shift_1": [[-7.097473621368408]]}, "epoch_136": {"shift_1": [[-7.144974708557129]]}, "epoch_137": {"shift_1": [[-7.192533493041992]]}, "epoch_138": {"shift_1": [[-7.24053955078125]]}, "epoch_139": {"shift_1": [[-7.286716938018799]]}, "epoch_140": {"shift_1": [[-7.33386754989624]]}, "epoch_141": {"shift_1": [[-7.378373622894287]]}, "epoch_142": {"shift_1": [[-7.422270774841309]]}, "epoch_143": {"shift_1": [[-7.470394134521484]]}, "epoch_144": {"shift_1": [[-7.517819404602051]]}, "epoch_145": {"shift_1": [[-7.565328121185303]]}, "epoch_146": {"shift_1": [[-7.60980224609375]]}, "epoch_147": {"shift_1": [[-7.6558332443237305]]}, "epoch_148": {"shift_1": [[-7.703280448913574]]}, "epoch_149": {"shift_1": [[-7.7498884201049805]]}, "epoch_150": {"shift_1": [[-7.797617435455322]]}, "epoch_151": {"shift_1": [[-7.844036102294922]]}, "epoch_152": {"shift_1": [[-7.8891472816467285]]}, "epoch_153": {"shift_1": [[-7.936304569244385]]}, "epoch_154": {"shift_1": [[-7.9829816818237305]]}, "epoch_155": {"shift_1": [[-8.028038024902344]]}, "epoch_156": {"shift_1": [[-8.072613716125488]]}, "epoch_157": {"shift_1": [[-8.120244979858398]]}, "epoch_158": {"shift_1": [[-8.165242195129395]]}, "epoch_159": {"shift_1": [[-8.209505081176758]]}, "epoch_160": {"shift_1": [[-8.253982543945312]]}, "epoch_161": {"shift_1": [[-8.298477172851562]]},