{"epoch_1": {"shift_0": [[-0.35931533575057983]], "shift_1": [[-0.02473490871489048]]}, "epoch_2": {"shift_0": [[-0.17055432498455048]], "shift_1": [[-0.3546719551086426]]}, "epoch_3": {"shift_0": [[-0.41705021262168884]], "shift_1": [[-0.593402624130249]]}, "epoch_4": {"shift_0": [[-0.5182424783706665]], "shift_1": [[-0.6560014486312866]]}, "epoch_5": {"shift_0": [[-0.6077412366867065]], "shift_1": [[-0.7458989024162292]]}, "epoch_6": {"shift_0": [[-0.6054093241691589]], "shift_1": [[-0.7669702768325806]]}, "epoch_7": {"shift_0": [[-0.6394818425178528]], "shift_1": [[-0.8260279893875122]]}, "epoch_8": {"shift_0": [[-0.6355041861534119]], "shift_1": [[-0.8221265077590942]]}, "epoch_9": {"shift_0": [[-0.6395061016082764]], "shift_1": [[-0.8322080373764038]]}, "epoch_10": {"shift_0": [[-0.6399123668670654]], "shift_1": [[-0.8336586356163025]]}, "epoch_11": {"shift_0": [[-0.7012589573860168]], "shift_1": [[-0.9055425524711609]]}, "epoch_12": {"shift_0": [[-0.7314718961715698]], "shift_1": [[-0.9671905040740967]]}, "epoch_13": {"shift_0": [[-0.767220139503479]], "shift_1": [[-1.011083722114563]]}, "epoch_14": {"shift_0": [[-0.772161066532135]], "shift_1": [[-0.9913544058799744]]}, "epoch_15": {"shift_0": [[-0.7975744605064392]], "shift_1": [[-1.0109825134277344]]}, "epoch_16": {"shift_0": [[-0.8106620907783508]], "shift_1": [[-1.0443171262741089]]}, "epoch_17": {"shift_0": [[-0.8017153739929199]], "shift_1": [[-1.03908371925354]]}, "epoch_18": {"shift_0": [[-0.7889379858970642]], "shift_1": [[-0.9896584153175354]]}, "epoch_19": {"shift_0": [[-0.8242437243461609]], "shift_1": [[-1.1009832620620728]]}, "epoch_20": {"shift_0": [[-0.8003907799720764]], "shift_1": [[-1.0429424047470093]]}, "epoch_21": {"shift_0": [[-0.7962890267372131]], "shift_1": [[-1.0072364807128906]]}, "epoch_22": {"shift_0": [[-0.813975989818573]], "shift_1": [[-1.0296189785003662]]}, "epoch_23": {"shift_0": [[-0.8104281425476074]], "shift_1": [[-1.0231324434280396]]}, "epoch_24": {"shift_0": [[-0.8223956227302551]], "shift_1": [[-1.0227023363113403]]}, "epoch_25": {"shift_0": [[-0.7976378202438354]], "shift_1": [[-0.9977682828903198]]}, "epoch_26": {"shift_0": [[-0.832608163356781]], "shift_1": [[-1.026110291481018]]}, "epoch_27": {"shift_0": [[-0.8269631266593933]], "shift_1": [[-1.0278962850570679]]}, "epoch_28": {"shift_0": [[-0.8176146149635315]], "shift_1": [[-1.0225321054458618]]}, "epoch_29": {"shift_0": [[-0.8170764446258545]], "shift_1": [[-1.0209710597991943]]}, "epoch_30": {"shift_0": [[-0.8185386061668396]], "shift_1": [[-1.0216045379638672]]}, "epoch_31": {"shift_0": [[-0.8937703967094421]], "shift_1": [[-1.0635186433792114]]}, "epoch_32": {"shift_0": [[-0.7937157154083252]], "shift_1": [[-1.0557771921157837]]}, "epoch_33": {"shift_0": [[-0.8490695357322693]], "shift_1": [[-1.0285847187042236]]}, "epoch_34": {"shift_0": [[-0.8566426634788513]], "shift_1": [[-1.0293742418289185]]}, "epoch_35": {"shift_0": [[-0.831082820892334]], "shift_1": [[-1.057662844657898]]}, "epoch_36": {"shift_0": [[-0.8954624533653259]], "shift_1": [[-1.0289394855499268]]}, "epoch_37": {"shift_0": [[-0.846499502658844]], "shift_1": [[-1.0652315616607666]]}, "epoch_38": {"shift_0": [[-0.8468542695045471]], "shift_1": [[-0.9923357367515564]]}, "epoch_39": {"shift_0": [[-0.8590239882469177]], "shift_1": [[-1.1030213832855225]]}, "epoch_40": {"shift_0": [[-0.8501700758934021]], "shift_1": [[-0.9662726521492004]]}, "epoch_41": {"shift_0": [[-0.8745436668395996]], "shift_1": [[-1.0639894008636475]]}, "epoch_42": {"shift_0": [[-0.8436680436134338]], "shift_1": [[-1.0712647438049316]]}, "epoch_43": {"shift_0": [[-0.9024711847305298]], "shift_1": [[-1.0171436071395874]]}, "epoch_44": {"shift_0": [[-0.801346480846405]], "shift_1": [[-0.976614773273468]]}, "epoch_45": {"shift_0": [[-0.8372044563293457]], "shift_1": [[-1.0471525192260742]]}, "epoch_46": {"shift_0": [[-0.7935758233070374]], "shift_1": [[-0.9013331532478333]]}, "epoch_47": {"shift_0": [[-0.8240197896957397]], "shift_1": [[-0.9555831551551819]]}, "epoch_48": {"shift_0": [[-0.8165620565414429]], "shift_1": [[-1.0098459720611572]]}, "epoch_49": {"shift_0": [[-0.8247399926185608]], "shift_1": [[-0.9449807405471802]]}, "epoch_50": {"shift_0": [[-0.780193030834198]], "shift_1": [[-0.9656362533569336]]}}