{"epoch_1": [[0.1987747997045517]], "epoch_2": [[0.17575867474079132]], "epoch_3": [[0.16209688782691956]], "epoch_4": [[0.17239513993263245]], "epoch_5": [[0.17684493958950043]], "epoch_6": [[0.1490289568901062]], "epoch_7": [[0.14563830196857452]], "epoch_8": [[0.14504024386405945]], "epoch_9": [[0.1697705239057541]], "epoch_10": [[0.18574224412441254]], "epoch_11": [[0.15532910823822021]], "epoch_12": [[0.14707520604133606]], "epoch_13": [[0.1451382339000702]], "epoch_14": [[0.14828267693519592]], "epoch_15": [[0.1838379204273224]], "epoch_16": [[0.17611995339393616]], "epoch_17": [[0.14440561830997467]], "epoch_18": [[0.15292492508888245]], "epoch_19": [[0.18709032237529755]], "epoch_20": [[0.17960995435714722]], "epoch_21": [[0.17136825621128082]], "epoch_22": [[0.16632825136184692]], "epoch_23": [[0.18596914410591125]], "epoch_24": [[0.14230488240718842]], "epoch_25": [[0.16194796562194824]], "epoch_26": [[0.1721063256263733]], "epoch_27": [[0.15764810144901276]], "epoch_28": [[0.1724686473608017]], "epoch_29": [[0.1407531350851059]], "epoch_30": [[0.2038988322019577]], "epoch_31": [[0.1687290072441101]], "epoch_32": [[0.14124858379364014]], "epoch_33": [[0.1682184934616089]], "epoch_34": [[0.17465151846408844]], "epoch_35": [[0.15003107488155365]], "epoch_36": [[0.1627996563911438]], "epoch_37": [[0.15616606175899506]], "epoch_38": [[0.14072847366333008]], "epoch_39": [[0.18373501300811768]], "epoch_40": [[0.19252055883407593]], "epoch_41": [[0.14899949729442596]], "epoch_42": [[0.14412522315979004]], "epoch_43": [[0.14397795498371124]], "epoch_44": [[0.1768273115158081]], "epoch_45": [[0.18146878480911255]], "epoch_46": [[0.1706254929304123]], "epoch_47": [[0.16666240990161896]], "epoch_48": [[0.17033490538597107]], "epoch_49": [[0.15981315076351166]], "epoch_50": [[0.16443078219890594]], "epoch_51": [[0.18441450595855713]], "epoch_52": [[0.1787407100200653]], "epoch_53": [[0.17373345792293549]], "epoch_54": [[0.16251574456691742]], "epoch_55": [[0.16573646664619446]], "epoch_56": [[0.1643037050962448]], "epoch_57": [[0.18172423541545868]], "epoch_58": [[0.15929840505123138]], "epoch_59": [[0.17066439986228943]], "epoch_60": [[0.1664067655801773]], "epoch_61": [[0.16168944537639618]], "epoch_62": [[0.13880597054958344]], "epoch_63": [[0.1566057652235031]], "epoch_64": [[0.18133297562599182]], "epoch_65": [[0.18099217116832733]], "epoch_66": [[0.1670437455177307]], "epoch_67": [[0.12986880540847778]], "epoch_68": [[0.17794272303581238]], "epoch_69": [[0.1482178419828415]], "epoch_70": [[0.15193040668964386]], "epoch_71": [[0.15660767257213593]], "epoch_72": [[0.1793259084224701]], "epoch_73": [[0.14868175983428955]], "epoch_74": [[0.15267491340637207]], "epoch_75": [[0.16908696293830872]], "epoch_76": [[0.1458757221698761]], "epoch_77": [[0.12614849209785461]], "epoch_78": [[0.1748339682817459]], "epoch_79": [[0.17417393624782562]], "epoch_80": [[0.18372078239917755]], "epoch_81": [[0.15686550736427307]], "epoch_82": [[0.15104977786540985]], "epoch_83": [[0.1798035055398941]], "epoch_84": [[0.18633325397968292]], "epoch_85": [[0.2043147087097168]], "epoch_86": [[0.17083105444908142]], "epoch_87": [[0.14888609945774078]], "epoch_88": [[0.16768315434455872]], "epoch_89": [[0.1948796510696411]], "epoch_90": [[0.15166577696800232]], "epoch_91": [[0.16680699586868286]], "epoch_92": [[0.16067050397396088]], "epoch_93": [[0.1687413901090622]], "epoch_94": [[0.1476949006319046]], "epoch_95": [[0.18414351344108582]], "epoch_96": [[0.18544024229049683]], "epoch_97": [[0.1601315587759018]], "epoch_98": [[0.17980343103408813]], "epoch_99": [[0.16756276786327362]], "epoch_100": [[0.17100632190704346]], "epoch_101": [[0.14939247071743011]], "epoch_102": [[0.16646820306777954]], "epoch_103": [[0.16808168590068817]], "epoch_104": [[0.19447049498558044]], "epoch_105": [[0.15547935664653778]], "epoch_106": [[0.180793896317482]], "epoch_107": [[0.17139339447021484]], "epoch_108": [[0.1795176863670349]], "epoch_109": [[0.1447436660528183]], "epoch_110": [[0.1688677817583084]], "epoch_111": [[0.17208783328533173]], "epoch_112": [[0.15957310795783997]], "epoch_113": [[0.18594153225421906]], "epoch_114": [[0.18913589417934418]], "epoch_115": [[0.17311134934425354]], "epoch_116": [[0.17141054570674896]], "epoch_117": [[0.15371298789978027]], "epoch_118": [[0.15797214210033417]], "epoch_119": [[0.18575839698314667]], "epoch_120": [[0.17803460359573364]], "epoch_121": [[0.18616844713687897]], "epoch_122": [[0.15161874890327454]], "epoch_123": [[0.17517796158790588]], "epoch_124": [[0.15579892694950104]], "epoch_125": [[0.18913470208644867]], "epoch_126": [[0.1805797815322876]], "epoch_127": [[0.13750536739826202]], "epoch_128": [[0.16658943891525269]], "epoch_129": [[0.12399810552597046]], "epoch_130": [[0.17074225842952728]], "epoch_131": [[0.1504012942314148]], "epoch_132": [[0.1698143482208252]], "epoch_133": [[0.18941552937030792]], "epoch_134": [[0.15800614655017853]], "epoch_135": [[0.1713574081659317]], "epoch_136": [[0.17145989835262299]], "epoch_137": [[0.1847960650920868]], "epoch_138": [[0.17573468387126923]], "epoch_139": [[0.17718882858753204]], "epoch_140": [[0.17164434492588043]], "epoch_141": [[0.19552600383758545]], "epoch_142": [[0.16274164617061615]], "epoch_143": [[0.164812833070755]], "epoch_144": [[0.15599964559078217]], "epoch_145": [[0.17905759811401367]], "epoch_146": [[0.18265970051288605]], "epoch_147": [[0.1822638362646103]], "epoch_148": [[0.18781249225139618]], "epoch_149": [[0.1783626526594162]], "epoch_150": [[0.18966373801231384]], "epoch_151": [[0.1618485003709793]], "epoch_152": [[0.11770150810480118]], "epoch_153": [[0.17919445037841797]], "epoch_154": [[0.16392137110233307]], "epoch_155": [[0.17081941664218903]], "epoch_156": [[0.17187155783176422]], "epoch_157": [[0.1646837741136551]], "epoch_158": [[0.17097659409046173]], "epoch_159": [[0.18452279269695282]], "epoch_160": [[0.17160291969776154]], "epoch_161": [[0.15653154253959656]], "epoch_162": [[0.19136224687099457]], "epoch_163": [[0.14510740339756012]], "epoch_164": [[0.1620548963546753]], "epoch_165": [[0.13488730788230896]], "epoch_166": [[0.18419907987117767]], "epoch_167": [[0.15567736327648163]], "epoch_168": [[0.1528436541557312]], "epoch_169": [[0.14577656984329224]], "epoch_170": [[0.1523459404706955]], "epoch_171": [[0.1767193228006363]], "epoch_172": [[0.16140669584274292]], "epoch_173": [[0.1378248780965805]], "epoch_174": [[0.1498437076807022]], "epoch_175": [[0.1734122633934021]], "epoch_176": [[0.15784667432308197]], "epoch_177": [[0.19235077500343323]], "epoch_178": [[0.1832495629787445]], "epoch_179": [[0.15568703413009644]], "epoch_180": [[0.16767831146717072]], "epoch_181": [[0.16320134699344635]], "epoch_182": [[0.16654112935066223]], "epoch_183": [[0.1508951485157013]], "epoch_184": [[0.16889773309230804]], "epoch_185": [[0.1592598408460617]], "epoch_186": [[0.15919369459152222]], "epoch_187": [[0.16105444729328156]], "epoch_188": [[0.1742916852235794]], "epoch_189": [[0.16097335517406464]], "epoch_190": [[0.1784273386001587]], "epoch_191": [[0.17113687098026276]], "epoch_192": [[0.14734485745429993]], "epoch_193": [[0.18097373843193054]], "epoch_194": [[0.16511119902133942]], "epoch_195": [[0.15062656998634338]], "epoch_196": [[0.17151860892772675]], "epoch_197": [[0.1619981825351715]], "epoch_198": [[0.17030808329582214]], "epoch_199": [[0.18383097648620605]], "epoch_200": [[0.16573193669319153]], "epoch_201": [[0.17211909592151642]], "epoch_202": [[0.16946128010749817]], "epoch_203": [[0.1784408688545227]], "epoch_204": [[0.15962618589401245]], "epoch_205": [[0.15371358394622803]], "epoch_206": [[0.20727747678756714]], "epoch_207": [[0.1711253523826599]], "epoch_208": [[0.1496574878692627]], "epoch_209": [[0.16079825162887573]], "epoch_210": [[0.14845074713230133]], "epoch_211": [[0.17194822430610657]], "epoch_212": [[0.16874174773693085]], "epoch_213": [[0.18070600926876068]], "epoch_214": [[0.15847373008728027]], "epoch_215": [[0.1986154317855835]],