{"epoch_1": {"ls(x1)": -0.07985146343708038}, "epoch_2": {"ls(x1)": -0.1772221177816391}, "epoch_3": {"ls(x1)": -0.2522844076156616}, "epoch_4": {"ls(x1)": -0.3239153325557709}, "epoch_5": {"ls(x1)": -0.39516833424568176}, "epoch_6": {"ls(x1)": -0.4842106103897095}, "epoch_7": {"ls(x1)": -0.5472874045372009}, "epoch_8": {"ls(x1)": -0.5877261161804199}, "epoch_9": {"ls(x1)": -0.7484235167503357}, "epoch_10": {"ls(x1)": -0.8744755983352661}, "epoch_11": {"ls(x1)": -0.9233146905899048}, "epoch_12": {"ls(x1)": -0.9594870805740356}, "epoch_13": {"ls(x1)": -0.9334383010864258}, "epoch_14": {"ls(x1)": -0.9659522175788879}, "epoch_15": {"ls(x1)": -0.961059033870697}, "epoch_16": {"ls(x1)": -0.9369633197784424}, "epoch_17": {"ls(x1)": -0.9317928552627563}, "epoch_18": {"ls(x1)": -0.9282389283180237}, "epoch_19": {"ls(x1)": -0.8687477707862854}, "epoch_20": {"ls(x1)": -0.8747287392616272}, "epoch_21": {"ls(x1)": -0.813633143901825}, "epoch_22": {"ls(x1)": -0.7727858424186707}, "epoch_23": {"ls(x1)": -0.7772752046585083}, "epoch_24": {"ls(x1)": -0.7496307492256165}, "epoch_25": {"ls(x1)": -0.7066895365715027}, "epoch_26": {"ls(x1)": -0.6447780728340149}, "epoch_27": {"ls(x1)": -0.5905821323394775}, "epoch_28": {"ls(x1)": -0.5864683985710144}, "epoch_29": {"ls(x1)": -0.5420249700546265}, "epoch_30": {"ls(x1)": -0.4735550880432129}, "epoch_31": {"ls(x1)": -0.4582115709781647}, "epoch_32": {"ls(x1)": -0.4146759808063507}, "epoch_33": {"ls(x1)": -0.3490895926952362}, "epoch_34": {"ls(x1)": -0.3126435875892639}, "epoch_35": {"ls(x1)": -0.2559029459953308}, "epoch_36": {"ls(x1)": -0.24221011996269226}, "epoch_37": {"ls(x1)": -0.21695929765701294}, "epoch_38": {"ls(x1)": -0.18935821950435638}, "epoch_39": {"ls(x1)": -0.1639975756406784}, "epoch_40": {"ls(x1)": -0.10531233251094818}, "epoch_41": {"ls(x1)": -0.059745095670223236}, "epoch_42": {"ls(x1)": -0.031670473515987396}, "epoch_43": {"ls(x1)": 0.031714726239442825}, "epoch_44": {"ls(x1)": 0.05792795121669769}, "epoch_45": {"ls(x1)": 0.07282204926013947}, "epoch_46": {"ls(x1)": 0.11018544435501099}, "epoch_47": {"ls(x1)": 0.20381858944892883}, "epoch_48": {"ls(x1)": 0.1829180121421814}, "epoch_49": {"ls(x1)": 0.22551535069942474}, "epoch_50": {"ls(x1)": 0.2774936854839325}, "epoch_51": {"ls(x1)": 0.29666316509246826}, "epoch_52": {"ls(x1)": 0.28968435525894165}, "epoch_53": {"ls(x1)": 0.3885102868080139}, "epoch_54": {"ls(x1)": 0.41055893898010254}, "epoch_55": {"ls(x1)": 0.4043056070804596}, "epoch_56": {"ls(x1)": 0.4614984691143036}, "epoch_57": {"ls(x1)": 0.48160383105278015}, "epoch_58": {"ls(x1)": 0.5319095849990845}, "epoch_59": {"ls(x1)": 0.5286240577697754}, "epoch_60": {"ls(x1)": 0.5766080617904663}, "epoch_61": {"ls(x1)": 0.6153862476348877}, "epoch_62": {"ls(x1)": 0.6271387338638306}, "epoch_63": {"ls(x1)": 0.6628502607345581}, "epoch_64": {"ls(x1)": 0.7040542364120483}, "epoch_65": {"ls(x1)": 0.694652795791626}, "epoch_66": {"ls(x1)": 0.767530620098114}, "epoch_67": {"ls(x1)": 0.756538987159729}, "epoch_68": {"ls(x1)": 0.7661714553833008}, "epoch_69": {"ls(x1)": 0.8011805415153503}, "epoch_70": {"ls(x1)": 0.8441227078437805}, "epoch_71": {"ls(x1)": 0.8573186993598938}, "epoch_72": {"ls(x1)": 0.9105708599090576}, "epoch_73": {"ls(x1)": 0.9084027409553528}, "epoch_74": {"ls(x1)": 0.9584584832191467}, "epoch_75": {"ls(x1)": 0.968334972858429}, "epoch_76": {"ls(x1)": 1.0332764387130737}, "epoch_77": {"ls(x1)": 1.0372352600097656}, "epoch_78": {"ls(x1)": 1.0320652723312378}, "epoch_79": {"ls(x1)": 1.082147479057312}, "epoch_80": {"ls(x1)": 1.0959625244140625}, "epoch_81": {"ls(x1)": 1.1207935810089111}, "epoch_82": {"ls(x1)": 1.1677929162979126}, "epoch_83": {"ls(x1)": 1.189124584197998}, "epoch_84": {"ls(x1)": 1.1772454977035522}, "epoch_85": {"ls(x1)": 1.235958218574524}, "epoch_86": {"ls(x1)": 1.2090340852737427}, "epoch_87": {"ls(x1)": 1.2393836975097656}, "epoch_88": {"ls(x1)": 1.2545870542526245}, "epoch_89": {"ls(x1)": 1.2809431552886963}, "epoch_90": {"ls(x1)": 1.310904860496521}, "epoch_91": {"ls(x1)": 1.3315412998199463}, "epoch_92": {"ls(x1)": 1.3618782758712769}, "epoch_93": {"ls(x1)": 1.3877232074737549}, "epoch_94": {"ls(x1)": 1.393609881401062}, "epoch_95": {"ls(x1)": 1.4331910610198975}, "epoch_96": {"ls(x1)": 1.3970067501068115}, "epoch_97": {"ls(x1)": 1.4597408771514893}, "epoch_98": {"ls(x1)": 1.4477088451385498}, "epoch_99": {"ls(x1)": 1.4560714960098267}, "epoch_100": {"ls(x1)": 1.4937418699264526}, "epoch_101": {"ls(x1)": 1.5057343244552612}, "epoch_102": {"ls(x1)": 1.5590159893035889}, "epoch_103": {"ls(x1)": 1.564388394355774}, "epoch_104": {"ls(x1)": 1.567712426185608}, "epoch_105": {"ls(x1)": 1.5831652879714966}, "epoch_106": {"ls(x1)": 1.6052809953689575}, "epoch_107": {"ls(x1)": 1.59893798828125}, "epoch_108": {"ls(x1)": 1.604999303817749}, "epoch_109": {"ls(x1)": 1.6587727069854736}, "epoch_110": {"ls(x1)": 1.674621820449829}, "epoch_111": {"ls(x1)": 1.676295280456543}, "epoch_112": {"ls(x1)": 1.6941027641296387}, "epoch_113": {"ls(x1)": 1.6614210605621338}, "epoch_114": {"ls(x1)": 1.7071893215179443}, "epoch_115": {"ls(x1)": 1.7233428955078125}, "epoch_116": {"ls(x1)": 1.7247525453567505}, "epoch_117": {"ls(x1)": 1.7471033334732056}, "epoch_118": {"ls(x1)": 1.7295290231704712}, "epoch_119": {"ls(x1)": 1.7573384046554565}, "epoch_120": {"ls(x1)": 1.7407071590423584}, "epoch_121": {"ls(x1)": 1.8151726722717285}, "epoch_122": {"ls(x1)": 1.7985268831253052}, "epoch_123": {"ls(x1)": 1.7830305099487305}, "epoch_124": {"ls(x1)": 1.8051207065582275}, "epoch_125": {"ls(x1)": 1.8117656707763672}, "epoch_126": {"ls(x1)": 1.8223216533660889}, "epoch_127": {"ls(x1)": 1.8289096355438232}, "epoch_128": {"ls(x1)": 1.8201967477798462}, "epoch_129": {"ls(x1)": 1.823531150817871}, "epoch_130": {"ls(x1)": 1.8483093976974487}, "epoch_131": {"ls(x1)": 1.8546440601348877}, "epoch_132": {"ls(x1)": 1.848211407661438}, "epoch_133": {"ls(x1)": 1.8896650075912476}, "epoch_134": {"ls(x1)": 1.8778765201568604}, "epoch_135": {"ls(x1)": 1.8406528234481812}, "epoch_136": {"ls(x1)": 1.876409888267517}, "epoch_137": {"ls(x1)": 1.9072738885879517}, "epoch_138": {"ls(x1)": 1.8591734170913696}, "epoch_139": {"ls(x1)": 1.9115768671035767}, "epoch_140": {"ls(x1)": 1.8732966184616089}, "epoch_141": {"ls(x1)": 1.8967947959899902}, "epoch_142": {"ls(x1)": 1.8913848400115967}, "epoch_143": {"ls(x1)": 1.9167346954345703}, "epoch_144": {"ls(x1)": 1.89864182472229}, "epoch_145": {"ls(x1)": 1.8997297286987305}, "epoch_146": {"ls(x1)": 1.890099287033081}, "epoch_147": {"ls(x1)": 1.8888670206069946}, "epoch_148": {"ls(x1)": 1.9079656600952148}, "epoch_149": {"ls(x1)": 1.898793339729309}, "epoch_150": {"ls(x1)": 1.9319828748703003}, "epoch_151": {"ls(x1)": 1.9022921323776245}, "epoch_152": {"ls(x1)": 1.902897596359253}, "epoch_153": {"ls(x1)": 1.9199068546295166}, "epoch_154": {"ls(x1)": 1.9379584789276123}, "epoch_155": {"ls(x1)": 1.95493745803833}, "epoch_156": {"ls(x1)": 1.9489845037460327}, "epoch_157": {"ls(x1)": 1.9432501792907715}, "epoch_158": {"ls(x1)": 1.9779033660888672}, "epoch_159": {"ls(x1)": 1.944900393486023}, "epoch_160": {"ls(x1)": 1.909067153930664}, "epoch_161": {"ls(x1)": 1.9723135232925415}, "epoch_162": {"ls(x1)": 1.9029972553253174}, "epoch_163": {"ls(x1)": 1.9375557899475098}, "epoch_164": {"ls(x1)": 1.9626688957214355}, "epoch_165": {"ls(x1)": 1.9464023113250732}, "epoch_166": {"ls(x1)": 1.962709903717041}, "epoch_167": {"ls(x1)": 1.9508222341537476}, "epoch_168": {"ls(x1)": 1.9384748935699463}, "epoch_169": {"ls(x1)": 1.9704930782318115}, "epoch_170": {"ls(x1)": 1.9515349864959717}, "epoch_171": {"ls(x1)": 1.9668169021606445}, "epoch_172": {"ls(x1)": 1.9560010433197021}, "epoch_173": {"ls(x1)": 1.9805030822753906}, "epoch_174": {"ls(x1)": 1.9705241918563843}, "epoch_175": {"ls(x1)": 1.9432501792907715}, "epoch_176": {"ls(x1)": 1.9719330072402954}, "epoch_177": {"ls(x1)": 1.9925072193145752}, "epoch_178": {"ls(x1)": 1.9765514135360718}, "epoch_179": {"ls(x1)": 1.9782564640045166},