{
    "age": [
        43.0,
        69.0
    ],
    "sex": [
        0.0,
        1.0
    ],
    "exercise": [
        1569.7808310155156,
        5314.255093752706
    ],
    "lipid": [
        1.4052511179056013,
        4.54673080066111
    ],
    "glucose": [
        20.600997297277125,
        54.16287667567454
    ],
    "bp": [
        72.08848094710184,
        373.9384996631102
    ]
}