{"epoch_1": [[-3.200681447982788], [-2.3158206939697266], [-1.1756601333618164], [-1.1756601333618164], [-0.5174517631530762], [0.31406450271606445], [0.6875486373901367], [0.6875486373901367], [0.6875486373901367], [0.6875486373901367], [0.6875486373901367], [0.6875491142272949], [0.6875491142272949], [0.6875491142272949], [0.6875491142272949], [0.6875491142272949], [0.6875491142272949], [1.4474096298217773], [2.805941581726074], [4.382399559020996]], "epoch_2": [[-4.453007698059082], [-3.0953471660614014], [-1.4591903686523438], [-1.4591903686523438], [-0.38416147232055664], [0.8919014930725098], [1.5838890075683594], [1.5838890075683594], [1.5838890075683594], [1.5838890075683594], [1.5838890075683594], [1.5838890075683594], [1.5838890075683594], [1.5838890075683594], [1.5838890075683594], [1.5838890075683594], [1.5838890075683594], [2.8130226135253906], [4.715019226074219], [6.861014366149902]], "epoch_3": [[-5.777842998504639], [-3.9262027740478516], [-1.8123998641967773], [-1.8123998641967773], [-0.26208019256591797], [1.4735116958618164], [2.6153125762939453], [2.6153125762939453], [2.6153125762939453], [2.6153125762939453], [2.6153125762939453], [2.6153125762939453], [2.6153125762939453], [2.6153125762939453], [2.6153125762939453], [2.6153135299682617], [2.6153135299682617], [4.385067939758301], [6.814239501953125], [9.505059242248535]], "epoch_4": [[-7.105224609375], [-4.777225494384766], [-2.2273449897766113], [-2.2273449897766113], [-0.1988844871520996], [1.9723320007324219], [3.6361007690429688], [3.6361007690429688], [3.6361007690429688], [3.6361007690429688], [3.6361007690429688], [3.6361007690429688], [3.6361007690429688], [3.6361007690429688], [3.636101722717285], [3.636101722717285], [3.636101722717285], [5.959900856018066], [8.885635375976562], [12.090229988098145]]}