{"epoch_1": {"shift_0": [[-0.5023617744445801]]}, "epoch_2": {"shift_0": [[-1.1454472541809082]]}, "epoch_3": {"shift_0": [[-1.4538618326187134]]}, "epoch_4": {"shift_0": [[-1.519099235534668]]}, "epoch_5": {"shift_0": [[-1.3075056076049805]]}, "epoch_6": {"shift_0": [[-1.3776665925979614]]}, "epoch_7": {"shift_0": [[-1.2318851947784424]]}, "epoch_8": {"shift_0": [[-1.0576878786087036]]}, "epoch_9": {"shift_0": [[-0.9638879895210266]]}, "epoch_10": {"shift_0": [[-0.7748544812202454]]}, "epoch_11": {"shift_0": [[-0.644380509853363]]}, "epoch_12": {"shift_0": [[-0.7891110181808472]]}, "epoch_13": {"shift_0": [[-0.6242997646331787]]}, "epoch_14": {"shift_0": [[-0.3799768388271332]]}, "epoch_15": {"shift_0": [[-0.5355561375617981]]}, "epoch_16": {"shift_0": [[-0.30498915910720825]]}, "epoch_17": {"shift_0": [[-0.2514546513557434]]}, "epoch_18": {"shift_0": [[-0.13098695874214172]]}, "epoch_19": {"shift_0": [[-0.17081546783447266]]}, "epoch_20": {"shift_0": [[-0.11540330946445465]]}, "epoch_21": {"shift_0": [[0.1183379665017128]]}, "epoch_22": {"shift_0": [[0.16412322223186493]]}, "epoch_23": {"shift_0": [[0.14215359091758728]]}, "epoch_24": {"shift_0": [[0.15489064157009125]]}, "epoch_25": {"shift_0": [[0.27072685956954956]]}, "epoch_26": {"shift_0": [[0.48316627740859985]]}, "epoch_27": {"shift_0": [[0.4682749807834625]]}, "epoch_28": {"shift_0": [[0.4576377272605896]]}, "epoch_29": {"shift_0": [[0.5321600437164307]]}, "epoch_30": {"shift_0": [[0.5092013478279114]]}, "epoch_31": {"shift_0": [[0.5223729014396667]]}, "epoch_32": {"shift_0": [[0.5120834112167358]]}, "epoch_33": {"shift_0": [[0.7041939496994019]]}, "epoch_34": {"shift_0": [[0.7400343418121338]]}, "epoch_35": {"shift_0": [[0.7475094199180603]]}, "epoch_36": {"shift_0": [[0.7953397631645203]]}, "epoch_37": {"shift_0": [[0.9543514847755432]]}, "epoch_38": {"shift_0": [[0.7044470906257629]]}, "epoch_39": {"shift_0": [[1.0221773386001587]]}, "epoch_40": {"shift_0": [[0.9897470474243164]]}, "epoch_41": {"shift_0": [[0.9240191578865051]]}, "epoch_42": {"shift_0": [[1.003265619277954]]}, "epoch_43": {"shift_0": [[0.9951509237289429]]}, "epoch_44": {"shift_0": [[1.1535909175872803]]}, "epoch_45": {"shift_0": [[1.2206014394760132]]}, "epoch_46": {"shift_0": [[1.1724302768707275]]}, "epoch_47": {"shift_0": [[1.1578861474990845]]}, "epoch_48": {"shift_0": [[1.3142722845077515]]}, "epoch_49": {"shift_0": [[1.1235857009887695]]}, "epoch_50": {"shift_0": [[1.2539570331573486]]}, "epoch_51": {"shift_0": [[1.3292045593261719]]}, "epoch_52": {"shift_0": [[1.4348194599151611]]}, "epoch_53": {"shift_0": [[1.4576196670532227]]}, "epoch_54": {"shift_0": [[1.4084159135818481]]}, "epoch_55": {"shift_0": [[1.3040307760238647]]}, "epoch_56": {"shift_0": [[1.4677006006240845]]}, "epoch_57": {"shift_0": [[1.4742532968521118]]}, "epoch_58": {"shift_0": [[1.4658609628677368]]}, "epoch_59": {"shift_0": [[1.4319006204605103]]}, "epoch_60": {"shift_0": [[1.5408778190612793]]}, "epoch_61": {"shift_0": [[1.422124981880188]]}, "epoch_62": {"shift_0": [[1.5125981569290161]]}, "epoch_63": {"shift_0": [[1.5136244297027588]]}, "epoch_64": {"shift_0": [[1.5870033502578735]]}, "epoch_65": {"shift_0": [[1.5580861568450928]]}, "epoch_66": {"shift_0": [[1.5388107299804688]]}, "epoch_67": {"shift_0": [[1.6148642301559448]]}, "epoch_68": {"shift_0": [[1.601976752281189]]}, "epoch_69": {"shift_0": [[1.5636013746261597]]}, "epoch_70": {"shift_0": [[1.713975191116333]]}, "epoch_71": {"shift_0": [[1.6147650480270386]]}, "epoch_72": {"shift_0": [[1.6296319961547852]]}, "epoch_73": {"shift_0": [[1.6682488918304443]]}, "epoch_74": {"shift_0": [[1.684332013130188]]}, "epoch_75": {"shift_0": [[1.7152849435806274]]}, "epoch_76": {"shift_0": [[1.6144940853118896]]}, "epoch_77": {"shift_0": [[1.8032618761062622]]}, "epoch_78": {"shift_0": [[1.7845216989517212]]}, "epoch_79": {"shift_0": [[1.6430437564849854]]}, "epoch_80": {"shift_0": [[1.843846321105957]]}, "epoch_81": {"shift_0": [[1.6747606992721558]]}, "epoch_82": {"shift_0": [[1.793439507484436]]}, "epoch_83": {"shift_0": [[1.835582971572876]]}, "epoch_84": {"shift_0": [[1.805997610092163]]}, "epoch_85": {"shift_0": [[1.6183916330337524]]}, "epoch_86": {"shift_0": [[1.7361350059509277]]}, "epoch_87": {"shift_0": [[1.9213422536849976]]}, "epoch_88": {"shift_0": [[1.745361566543579]]}, "epoch_89": {"shift_0": [[1.724085807800293]]}, "epoch_90": {"shift_0": [[1.7883236408233643]]}, "epoch_91": {"shift_0": [[1.9403748512268066]]}, "epoch_92": {"shift_0": [[1.7881220579147339]]}, "epoch_93": {"shift_0": [[1.889506220817566]]}, "epoch_94": {"shift_0": [[1.811964750289917]]}, "epoch_95": {"shift_0": [[1.925599455833435]]}, "epoch_96": {"shift_0": [[1.819470763206482]]}, "epoch_97": {"shift_0": [[1.8711979389190674]]}, "epoch_98": {"shift_0": [[1.911991834640503]]}, "epoch_99": {"shift_0": [[1.9718197584152222]]}, "epoch_100": {"shift_0": [[1.7680166959762573]]}}