{"epoch_1": {"shift_0": [[-0.4331895411014557]]}, "epoch_2": {"shift_0": [[-0.8058792948722839]]}, "epoch_3": {"shift_0": [[-1.2410967350006104]]}, "epoch_4": {"shift_0": [[-1.317909598350525]]}, "epoch_5": {"shift_0": [[-1.4371145963668823]]}, "epoch_6": {"shift_0": [[-1.3860031366348267]]}, "epoch_7": {"shift_0": [[-1.4262644052505493]]}, "epoch_8": {"shift_0": [[-1.3511509895324707]]}, "epoch_9": {"shift_0": [[-1.3475935459136963]]}, "epoch_10": {"shift_0": [[-1.356210708618164]]}, "epoch_11": {"shift_0": [[-1.3506916761398315]]}, "epoch_12": {"shift_0": [[-1.3218187093734741]]}, "epoch_13": {"shift_0": [[-1.2709178924560547]]}, "epoch_14": {"shift_0": [[-1.2542344331741333]]}, "epoch_15": {"shift_0": [[-1.0817011594772339]]}, "epoch_16": {"shift_0": [[-1.2369436025619507]]}, "epoch_17": {"shift_0": [[-0.9394187331199646]]}, "epoch_18": {"shift_0": [[-1.0741358995437622]]}, "epoch_19": {"shift_0": [[-0.9794546365737915]]}, "epoch_20": {"shift_0": [[-0.9256070852279663]]}, "epoch_21": {"shift_0": [[-0.9445250630378723]]}, "epoch_22": {"shift_0": [[-0.880184531211853]]}, "epoch_23": {"shift_0": [[-0.8729260563850403]]}, "epoch_24": {"shift_0": [[-0.8962352871894836]]}, "epoch_25": {"shift_0": [[-0.8840411305427551]]}, "epoch_26": {"shift_0": [[-0.8540523648262024]]}, "epoch_27": {"shift_0": [[-0.856785237789154]]}, "epoch_28": {"shift_0": [[-0.8477047085762024]]}, "epoch_29": {"shift_0": [[-0.8424211144447327]]}, "epoch_30": {"shift_0": [[-0.8426615595817566]]}, "epoch_31": {"shift_0": [[-0.7953308820724487]]}, "epoch_32": {"shift_0": [[-0.7826561331748962]]}, "epoch_33": {"shift_0": [[-0.6609085202217102]]}, "epoch_34": {"shift_0": [[-0.7161364555358887]]}, "epoch_35": {"shift_0": [[-0.5833485126495361]]}, "epoch_36": {"shift_0": [[-0.5492416620254517]]}, "epoch_37": {"shift_0": [[-0.5668982267379761]]}, "epoch_38": {"shift_0": [[-0.5330570936203003]]}, "epoch_39": {"shift_0": [[-0.43636831641197205]]}, "epoch_40": {"shift_0": [[-0.4529300928115845]]}, "epoch_41": {"shift_0": [[-0.41406548023223877]]}, "epoch_42": {"shift_0": [[-0.35577332973480225]]}, "epoch_43": {"shift_0": [[-0.407851904630661]]}, "epoch_44": {"shift_0": [[-0.2986758053302765]]}, "epoch_45": {"shift_0": [[-0.24874931573867798]]}, "epoch_46": {"shift_0": [[-0.2528289258480072]]}, "epoch_47": {"shift_0": [[-0.24909529089927673]]}, "epoch_48": {"shift_0": [[-0.16680879890918732]]}, "epoch_49": {"shift_0": [[-0.23066863417625427]]}, "epoch_50": {"shift_0": [[-0.22094643115997314]]}, "epoch_51": {"shift_0": [[-0.09129234403371811]]}, "epoch_52": {"shift_0": [[-0.18988104164600372]]}, "epoch_53": {"shift_0": [[-0.20965200662612915]]}, "epoch_54": {"shift_0": [[-0.136951744556427]]}, "epoch_55": {"shift_0": [[-0.08190702646970749]]}, "epoch_56": {"shift_0": [[-0.11355765908956528]]}, "epoch_57": {"shift_0": [[-0.13294057548046112]]}, "epoch_58": {"shift_0": [[-0.09252212196588516]]}, "epoch_59": {"shift_0": [[-0.08661514520645142]]}, "epoch_60": {"shift_0": [[-0.10154913365840912]]}, "epoch_61": {"shift_0": [[-0.07740757614374161]]}, "epoch_62": {"shift_0": [[-0.08216287195682526]]}, "epoch_63": {"shift_0": [[-0.08986099809408188]]}, "epoch_64": {"shift_0": [[-0.08890774846076965]]}, "epoch_65": {"shift_0": [[-0.08752282708883286]]}, "epoch_66": {"shift_0": [[-0.08427916467189789]]}, "epoch_67": {"shift_0": [[-0.08080738037824631]]}, "epoch_68": {"shift_0": [[-0.08090081810951233]]}, "epoch_69": {"shift_0": [[-0.0803649052977562]]}, "epoch_70": {"shift_0": [[-0.0802055299282074]]}, "epoch_71": {"shift_0": [[-0.04839639738202095]]}, "epoch_72": {"shift_0": [[-0.0045991805382072926]]}, "epoch_73": {"shift_0": [[0.0425042062997818]]}, "epoch_74": {"shift_0": [[-0.031095217913389206]]}, "epoch_75": {"shift_0": [[0.14522288739681244]]}, "epoch_76": {"shift_0": [[0.02489800937473774]]}, "epoch_77": {"shift_0": [[0.06938570737838745]]}, "epoch_78": {"shift_0": [[0.20231381058692932]]}, "epoch_79": {"shift_0": [[0.09635965526103973]]}, "epoch_80": {"shift_0": [[0.07382432371377945]]}, "epoch_81": {"shift_0": [[0.3220825493335724]]}, "epoch_82": {"shift_0": [[0.1628025770187378]]}, "epoch_83": {"shift_0": [[0.1802399605512619]]}, "epoch_84": {"shift_0": [[0.2651665508747101]]}, "epoch_85": {"shift_0": [[0.20165151357650757]]}, "epoch_86": {"shift_0": [[0.29003211855888367]]}, "epoch_87": {"shift_0": [[0.282941997051239]]}, "epoch_88": {"shift_0": [[0.2345692366361618]]}, "epoch_89": {"shift_0": [[0.37749743461608887]]}, "epoch_90": {"shift_0": [[0.3176736831665039]]}, "epoch_91": {"shift_0": [[0.3168158233165741]]}, "epoch_92": {"shift_0": [[0.3571470379829407]]}, "epoch_93": {"shift_0": [[0.3572676181793213]]}, "epoch_94": {"shift_0": [[0.34701305627822876]]}, "epoch_95": {"shift_0": [[0.38774433732032776]]}, "epoch_96": {"shift_0": [[0.39589613676071167]]}, "epoch_97": {"shift_0": [[0.43995237350463867]]}, "epoch_98": {"shift_0": [[0.4070441424846649]]}, "epoch_99": {"shift_0": [[0.41804108023643494]]}, "epoch_100": {"shift_0": [[0.5035978555679321]]}, "epoch_101": {"shift_0": [[0.39617663621902466]]}, "epoch_102": {"shift_0": [[0.46176159381866455]]}, "epoch_103": {"shift_0": [[0.5412240028381348]]}, "epoch_104": {"shift_0": [[0.5278970003128052]]}, "epoch_105": {"shift_0": [[0.5303287506103516]]}, "epoch_106": {"shift_0": [[0.5380221009254456]]}, "epoch_107": {"shift_0": [[0.5502506494522095]]}, "epoch_108": {"shift_0": [[0.49717608094215393]]}, "epoch_109": {"shift_0": [[0.5065754652023315]]}, "epoch_110": {"shift_0": [[0.5080335140228271]]}, "epoch_111": {"shift_0": [[0.6175757646560669]]}, "epoch_112": {"shift_0": [[0.525617778301239]]}, "epoch_113": {"shift_0": [[0.6884850263595581]]}, "epoch_114": {"shift_0": [[0.5539842844009399]]}, "epoch_115": {"shift_0": [[0.6222126483917236]]}, "epoch_116": {"shift_0": [[0.6300919651985168]]}, "epoch_117": {"shift_0": [[0.5887352824211121]]}, "epoch_118": {"shift_0": [[0.6774118542671204]]}, "epoch_119": {"shift_0": [[0.696366548538208]]}, "epoch_120": {"shift_0": [[0.5978593230247498]]}, "epoch_121": {"shift_0": [[0.6045512557029724]]}, "epoch_122": {"shift_0": [[0.667273223400116]]}, "epoch_123": {"shift_0": [[0.6874643564224243]]}, "epoch_124": {"shift_0": [[0.6151109933853149]]}, "epoch_125": {"shift_0": [[0.6752651929855347]]}, "epoch_126": {"shift_0": [[0.6764807105064392]]}, "epoch_127": {"shift_0": [[0.6637094020843506]]}, "epoch_128": {"shift_0": [[0.6736459732055664]]}, "epoch_129": {"shift_0": [[0.67514967918396]]}, "epoch_130": {"shift_0": [[0.6758570075035095]]}, "epoch_131": {"shift_0": [[0.6557967662811279]]}, "epoch_132": {"shift_0": [[0.6429122686386108]]}, "epoch_133": {"shift_0": [[0.774966835975647]]}, "epoch_134": {"shift_0": [[0.7125967144966125]]}, "epoch_135": {"shift_0": [[0.7495584487915039]]}, "epoch_136": {"shift_0": [[0.8262209296226501]]}, "epoch_137": {"shift_0": [[0.7233240008354187]]}, "epoch_138": {"shift_0": [[0.7823737859725952]]}, "epoch_139": {"shift_0": [[0.720518946647644]]}, "epoch_140": {"shift_0": [[0.780182957649231]]}, "epoch_141": {"shift_0": [[0.8756990432739258]]}, "epoch_142": {"shift_0": [[0.7458392381668091]]}, "epoch_143": {"shift_0": [[0.8325302600860596]]}, "epoch_144": {"shift_0": [[0.8427333235740662]]}, "epoch_145": {"shift_0": [[0.8226844072341919]]}, "epoch_146": {"shift_0": [[0.8341910243034363]]}, "epoch_147": {"shift_0": [[0.8344574570655823]]}, "epoch_148": {"shift_0": [[0.7876222729682922]]}, "epoch_149": {"shift_0": [[0.8377349376678467]]}, "epoch_150": {"shift_0": [[0.831203281879425]]}, "epoch_151": {"shift_0": [[0.8843111395835876]]}, "epoch_152": {"shift_0": [[0.8667150139808655]]}, "epoch_153": {"shift_0": [[0.7917808890342712]]}, "epoch_154": {"shift_0": [[0.8534612059593201]]}, "epoch_155": {"shift_0": [[0.866382360458374]]}, "epoch_156": {"shift_0": [[0.8367342948913574]]}, "epoch_157": {"shift_0": [[0.8325953483581543]]}, "epoch_158": {"shift_0": [[0.8304413557052612]]}, "epoch_159": {"shift_0": [[0.8640424609184265]]}, "epoch_160": {"shift_0": [[0.8640801906585693]]},