{"epoch_1": {"ls(x1)": 0.3072742521762848, "ls(x2)": [0.2134588360786438, -0.22305086255073547], "ls(x3)": [0.44763922691345215, -0.3902735710144043, 0.1314895898103714]}, "epoch_2": {"ls(x1)": 0.20871080458164215, "ls(x2)": [0.11686039716005325, -0.12455039471387863], "ls(x3)": [0.3484830856323242, -0.29118216037750244, 0.0516851469874382]}, "epoch_3": {"ls(x1)": 0.11368806660175323, "ls(x2)": [0.028934374451637268, -0.030136138200759888], "ls(x3)": [0.25115731358528137, -0.19422242045402527, 0.019178204238414764]}, "epoch_4": {"ls(x1)": 0.02568841725587845, "ls(x2)": [-0.04405403882265091, 0.054458558559417725], "ls(x3)": [0.15701144933700562, -0.10140935331583023, 0.01852726936340332]}, "epoch_5": {"ls(x1)": -0.05047069489955902, "ls(x2)": [-0.09747558832168579, 0.12021944671869278], "ls(x3)": [0.06771859526634216, -0.015753842890262604, 0.025596164166927338]}, "epoch_6": {"ls(x1)": 0.04952926188707352, "ls(x2)": [0.002524353563785553, 0.020219482481479645], "ls(x3)": [-0.03228131681680679, 0.08424577862024307, -0.07440353184938431]}, "epoch_7": {"ls(x1)": 0.05785660818219185, "ls(x2)": [0.07283195853233337, -0.05594123899936676], "ls(x3)": [-0.08931539207696915, 0.021482452750205994, -0.023040402680635452]}, "epoch_8": {"ls(x1)": 0.025055281817913055, "ls(x2)": [0.08365052938461304, -0.08139052987098694], "ls(x3)": [-0.08817911148071289, -0.04846181720495224, 0.021945130079984665]}, "epoch_9": {"ls(x1)": -0.014706011861562729, "ls(x2)": [0.057255592197179794, -0.07215511053800583], "ls(x3)": [-0.0628594309091568, -0.09420312941074371, 0.020096758380532265]}, "epoch_10": {"ls(x1)": -0.03766557201743126, "ls(x2)": [0.014788564294576645, -0.04648829251527786], "ls(x3)": [-0.03698275610804558, -0.10338179022073746, -0.010957030579447746]}, "epoch_11": {"ls(x1)": -0.03526078909635544, "ls(x2)": [-0.03129904344677925, -0.018399734050035477], "ls(x3)": [-0.02900254726409912, -0.08941880613565445, -0.05344676971435547]}, "epoch_12": {"ls(x1)": -0.015243295580148697, "ls(x2)": [-0.06975438445806503, 0.0010113567113876343], "ls(x3)": [-0.042684197425842285, -0.06682543456554413, -0.09229797124862671]}, "epoch_13": {"ls(x1)": 0.011333717033267021, "ls(x2)": [-0.0917210802435875, 0.00563571322709322], "ls(x3)": [-0.07108569890260696, -0.04859669879078865, -0.11435909569263458]}, "epoch_14": {"ls(x1)": 0.033154137432575226, "ls(x2)": [-0.09598278254270554, -0.004741596058011055], "ls(x3)": [-0.10568025708198547, -0.04464108869433403, -0.11736232042312622]}, "epoch_15": {"ls(x1)": 0.041757289320230484, "ls(x2)": [-0.08705989271402359, -0.026634354144334793], "ls(x3)": [-0.13800165057182312, -0.057305485010147095, -0.10806502401828766]}, "epoch_16": {"ls(x1)": 0.035823218524456024, "ls(x2)": [-0.07126660645008087, -0.0551886260509491], "ls(x3)": [-0.16102899610996246, -0.08287081122398376, -0.09596219658851624]}, "epoch_17": {"ls(x1)": 0.01965881884098053, "ls(x2)": [-0.055249445140361786, -0.08518150448799133], "ls(x3)": [-0.17197689414024353, -0.11534713208675385, -0.09036839008331299]}, "epoch_18": {"ls(x1)": -5.9956684708595276e-05, "ls(x2)": [-0.04483237862586975, -0.11146079003810883], "ls(x3)": [-0.17272965610027313, -0.14779259264469147, -0.0966401919722557]}, "epoch_19": {"ls(x1)": -0.016139958053827286, "ls(x2)": [-0.04343176633119583, -0.12988188862800598], "ls(x3)": [-0.16793039441108704, -0.1733054369688034, -0.11430235952138901]}, "epoch_20": {"ls(x1)": -0.023207906633615494, "ls(x2)": [-0.05155111849308014, -0.13862358033657074], "ls(x3)": [-0.1632973849773407, -0.18754172325134277, -0.13916389644145966]}}