{"epoch_1": [[-6.86001443862915], [-5.579352378845215], [-4.8649139404296875], [-3.5575809478759766], [-3.1386146545410156], [-2.199080467224121], [-1.7239875793457031], [-1.359297275543213], [-0.32686948776245117], [0.48372459411621094], [0.9661526679992676], [1.5392417907714844], [2.430363655090332], [3.753556251525879], [4.118255615234375], [5.436033248901367], [6.5124921798706055], [7.057878494262695], [7.861248016357422], [8.314539909362793]], "epoch_2": [[-6.7611236572265625], [-5.407325744628906], [-4.640604019165039], [-3.25943922996521], [-2.8051090240478516], [-1.8035292625427246], [-1.289442539215088], [-0.893120288848877], [0.20475435256958008], [1.0720701217651367], [1.593947410583496], [2.2118701934814453], [3.1631155014038086], [4.560528755187988], [4.9568586349487305], [6.3487138748168945], [7.492118835449219], [8.080744743347168], [8.940505027770996], [9.431382179260254]], "epoch_3": [[-6.661718845367432], [-5.232992649078369], [-4.411540508270264], [-2.954817771911621], [-2.4628100395202637], [-1.396965503692627], [-0.8415007591247559], [-0.41135072708129883], [0.7540531158447266], [1.6804313659667969], [2.2441415786743164], [2.909337043762207], [3.9229583740234375], [5.396245002746582], [5.8263959884643555], [7.293990135192871], [8.506348609924316], [9.14063549041748], [10.059111595153809], [10.589882850646973]], "epoch_4": [[-6.5632758140563965], [-5.057989120483398], [-4.179413795471191], [-2.645587921142578], [-2.113539695739746], [-0.9813413619995117], [-0.3820919990539551], [0.08414411544799805], [1.3190011978149414], [2.30667781829834], [2.9146194458007812], [3.6295013427734375], [4.707620620727539], [6.25822639465332], [6.724445343017578], [8.26922607421875], [9.552369117736816], [10.234719276428223], [11.21412181854248], [11.78709888458252]], "epoch_5": [[-6.478392124176025], [-4.895086288452148], [-3.9570722579956055], [-2.3447909355163574], [-1.7703065872192383], [-0.5698175430297852], [0.07562828063964844], [0.580258846282959], [1.8863134384155273], [2.9373931884765625], [3.591958999633789], [4.358896255493164], [5.503479957580566], [7.132622718811035], [7.637202262878418], [9.260390281677246], [10.615944862365723], [11.34871768951416], [12.391114234924316], [13.008589744567871]], "epoch_6": [[-6.578390598297119], [-4.914814472198486], [-3.9147589206695557], [-2.2216386795043945], [-1.6022186279296875], [-0.3307962417602539], [0.36345529556274414], [0.9089164733886719], [2.2888545989990234], [3.40610408782959], [4.109951972961426], [4.931685447692871], [6.145504951477051], [7.85581111907959], [8.401217460632324], [10.105454444885254], [11.53617000579834], [12.32213306427002], [13.430397987365723], [14.095187187194824]], "epoch_7": [[-6.66257381439209], [-4.917266845703125], [-3.852874994277954], [-2.077511787414551], [-1.4106783866882324], [-0.06638050079345703], [0.6791563034057617], [1.2678766250610352], [2.723482131958008], [3.909029960632324], [4.664632797241211], [5.543585777282715], [6.828644752502441], [8.6214599609375], [9.210116386413574], [10.996750831604004], [12.5043306350708], [13.345915794372559], [14.522170066833496], [15.23671817779541]], "epoch_8": [[-6.713256359100342], [-4.884913444519043], [-3.7539844512939453], [-1.8951430320739746], [-1.1784143447875977], [0.24055194854736328], [1.0398273468017578], [1.6742563247680664], [3.207143783569336], [4.462978363037109], [5.272772789001465], [6.211297035217285], [7.569438934326172], [9.445910453796387], [10.0802583694458], [11.950430870056152], [13.53637409210205], [14.435935020446777], [15.682133674621582], [16.448829650878906]], "epoch_9": [[-6.742684364318848], [-4.830160140991211], [-3.630610942840576], [-1.6872353553771973], [-0.918147087097168], [0.5771102905273438], [1.4325275421142578], [2.1151180267333984], [3.72670841217041], [5.054656028747559], [5.921017646789551], [6.921360015869141], [8.354246139526367], [10.315299034118652], [10.99776554107666], [12.952385902404785], [14.617974281311035], [15.577754020690918], [16.89565658569336], [17.716800689697266]], "epoch_10": [[-6.760383605957031], [-4.762693405151367], [-3.4925665855407715], [-1.4637813568115234], [-0.6399025917053223], [0.9330902099609375], [1.8469829559326172], [2.580172538757324], [4.271689414978027], [5.673398971557617], [6.598618507385254], [7.662904739379883], [9.171996116638184], [11.218335151672363], [11.951313972473145], [13.991061210632324], [15.73734188079834], [16.75945281982422], [18.150615692138672], [19.02838897705078]], "epoch_11": [[-6.780270576477051], [-4.696588516235352], [-3.3540663719177246], [-1.2391762733459473], [-0.35813188552856445], [1.293853759765625], [2.268465995788574], [3.0546531677246094], [4.827112197875977], [6.304039001464844], [7.290302276611328], [8.420514106750488], [10.007060050964355], [12.13915729522705], [12.924992561340332], [15.050305366516113], [16.87808609008789], [17.964481353759766], [19.430240631103516], [20.366687774658203]], "epoch_12": [[-6.808915615081787], [-4.63856840133667], [-3.2219796180725098], [-1.020462989807129], [-0.07994747161865234], [1.6521005630493164], [2.689568519592285], [3.531094551086426], [5.385306358337402], [6.938706398010254], [7.988073348999023], [9.18603229522705], [10.851067543029785], [13.069172859191895], [13.910126686096191], [16.1212158203125], [18.03106689453125], [19.183536529541016], [20.725006103515625], [21.722003936767578]], "epoch_13": [[-6.8455810546875], [-4.58803653717041], [-3.0958566665649414], [-0.8073549270629883], [0.19485235214233398], [2.0078468322753906], [3.1101856231689453], [4.0093231201171875], [5.945894241333008], [7.576825141906738], [8.691217422485352], [9.958573341369629], [11.702919960021973], [14.00706958770752], [14.90531063079834], [17.20215606689453], [19.19442367553711], [20.41455841064453], [22.032623291015625], [23.091869354248047]], "epoch_14": [[-6.889135837554932], [-4.544000625610352], [-2.974855661392212], [-0.5991654396057129], [0.466855525970459], [2.3614988327026367], [3.5305910110473633], [4.489520072937012], [6.508857727050781], [8.218174934387207], [9.399361610412598], [10.737584114074707], [12.561844825744629], [14.95186710357666], [15.909441947937012], [18.291812896728516], [20.366592407226562], [21.655784606933594], [23.351093292236328], [24.474082946777344]], "epoch_15": [[-6.938840389251709], [-4.505850315093994], [-2.858520030975342], [-0.3955874443054199], [0.7362575531005859], [2.713071823120117], [3.9506521224975586], [4.9714460372924805], [7.073766708374023], [8.862123489379883], [10.111702919006348], [11.522068977355957], [13.42663288116455], [15.902153968811035], [16.92096710205078], [19.388404846191406], [21.54555892944336], [22.90497589111328], [24.677932739257812], [25.86594009399414]], "epoch_16": [[-6.993466854095459], [-4.472479820251465], [-2.7458977699279785], [-0.19580602645874023], [1.0037484169006348], [3.063084602355957], [4.370733261108398], [5.455343246459961], [7.640676498413086], [9.508524894714355], [10.827921867370605], [12.311505317687988], [14.296549797058105], [16.85699462890625], [17.938793182373047], [20.49062728881836], [22.729782104492188], [24.16033935546875], [26.01110076904297], [27.265167236328125]], "epoch_17": [[-7.051336765289307], [-4.442326545715332], [-2.6355767250061035], [0.0014605522155761719], [1.270477294921875], [3.4125213623046875], [4.791656494140625], [5.941899299621582], [8.21009635925293], [10.157698631286621], [11.548144340515137], [13.105820655822754], [15.17131519317627], [17.81592559814453], [18.962265014648438], [21.597618103027344], [23.918163299560547], [25.420528411865234], [27.34900665283203], [28.669910430908203]],