{"epoch_1": {"ls(x1)": -0.1457902044057846}, "epoch_2": {"ls(x1)": -0.19752797484397888}, "epoch_3": {"ls(x1)": -0.2951505780220032}, "epoch_4": {"ls(x1)": -0.3861027956008911}, "epoch_5": {"ls(x1)": -0.4675940275192261}, "epoch_6": {"ls(x1)": -0.5682937502861023}, "epoch_7": {"ls(x1)": -0.6407418251037598}, "epoch_8": {"ls(x1)": -0.7081883549690247}, "epoch_9": {"ls(x1)": -0.8493829965591431}, "epoch_10": {"ls(x1)": -0.9712502360343933}, "epoch_11": {"ls(x1)": -1.0192919969558716}, "epoch_12": {"ls(x1)": -1.0660752058029175}, "epoch_13": {"ls(x1)": -1.0815509557724}, "epoch_14": {"ls(x1)": -1.0835413932800293}, "epoch_15": {"ls(x1)": -1.0829473733901978}, "epoch_16": {"ls(x1)": -1.0934492349624634}, "epoch_17": {"ls(x1)": -1.0684833526611328}, "epoch_18": {"ls(x1)": -1.0341616868972778}, "epoch_19": {"ls(x1)": -1.0191243886947632}, "epoch_20": {"ls(x1)": -0.9874266982078552}, "epoch_21": {"ls(x1)": -0.9522671699523926}, "epoch_22": {"ls(x1)": -0.9404923319816589}, "epoch_23": {"ls(x1)": -0.90688556432724}, "epoch_24": {"ls(x1)": -0.8920869827270508}, "epoch_25": {"ls(x1)": -0.81821608543396}, "epoch_26": {"ls(x1)": -0.7824292778968811}, "epoch_27": {"ls(x1)": -0.7452419996261597}, "epoch_28": {"ls(x1)": -0.7057445645332336}, "epoch_29": {"ls(x1)": -0.6602817177772522}, "epoch_30": {"ls(x1)": -0.617536723613739}, "epoch_31": {"ls(x1)": -0.5608618259429932}, "epoch_32": {"ls(x1)": -0.5648605823516846}, "epoch_33": {"ls(x1)": -0.5069491863250732}, "epoch_34": {"ls(x1)": -0.4404892325401306}, "epoch_35": {"ls(x1)": -0.3865014910697937}, "epoch_36": {"ls(x1)": -0.3458218574523926}, "epoch_37": {"ls(x1)": -0.34134215116500854}, "epoch_38": {"ls(x1)": -0.2832891345024109}, "epoch_39": {"ls(x1)": -0.2661118805408478}, "epoch_40": {"ls(x1)": -0.21531637012958527}, "epoch_41": {"ls(x1)": -0.16709323227405548}, "epoch_42": {"ls(x1)": -0.13586772978305817}, "epoch_43": {"ls(x1)": -0.1097261905670166}, "epoch_44": {"ls(x1)": -0.06698690354824066}, "epoch_45": {"ls(x1)": -0.009727153927087784}, "epoch_46": {"ls(x1)": 0.0045609246008098125}, "epoch_47": {"ls(x1)": 0.07837607711553574}, "epoch_48": {"ls(x1)": 0.0697684958577156}, "epoch_49": {"ls(x1)": 0.11034753173589706}, "epoch_50": {"ls(x1)": 0.1626509726047516}, "epoch_51": {"ls(x1)": 0.18616275489330292}, "epoch_52": {"ls(x1)": 0.2262573391199112}, "epoch_53": {"ls(x1)": 0.239597886800766}, "epoch_54": {"ls(x1)": 0.31370437145233154}, "epoch_55": {"ls(x1)": 0.3306409418582916}, "epoch_56": {"ls(x1)": 0.33451399207115173}, "epoch_57": {"ls(x1)": 0.3652195632457733}, "epoch_58": {"ls(x1)": 0.3923089802265167}, "epoch_59": {"ls(x1)": 0.4623427391052246}, "epoch_60": {"ls(x1)": 0.4848853349685669}, "epoch_61": {"ls(x1)": 0.5006576180458069}, "epoch_62": {"ls(x1)": 0.47523191571235657}, "epoch_63": {"ls(x1)": 0.5725001692771912}, "epoch_64": {"ls(x1)": 0.5875416398048401}, "epoch_65": {"ls(x1)": 0.5882272720336914}, "epoch_66": {"ls(x1)": 0.6341761946678162}, "epoch_67": {"ls(x1)": 0.6761157512664795}, "epoch_68": {"ls(x1)": 0.710444986820221}, "epoch_69": {"ls(x1)": 0.7316917777061462}, "epoch_70": {"ls(x1)": 0.754616916179657}, "epoch_71": {"ls(x1)": 0.7822167277336121}, "epoch_72": {"ls(x1)": 0.8334062695503235}, "epoch_73": {"ls(x1)": 0.8205918073654175}, "epoch_74": {"ls(x1)": 0.8988535404205322}, "epoch_75": {"ls(x1)": 0.8854883909225464}, "epoch_76": {"ls(x1)": 0.9143911004066467}, "epoch_77": {"ls(x1)": 0.9257932305335999}, "epoch_78": {"ls(x1)": 0.9588910937309265}, "epoch_79": {"ls(x1)": 1.0082505941390991}, "epoch_80": {"ls(x1)": 0.9980889558792114}, "epoch_81": {"ls(x1)": 1.0646604299545288}, "epoch_82": {"ls(x1)": 1.085983157157898}, "epoch_83": {"ls(x1)": 1.0948646068572998}, "epoch_84": {"ls(x1)": 1.110095500946045}, "epoch_85": {"ls(x1)": 1.1487025022506714}, "epoch_86": {"ls(x1)": 1.1565568447113037}, "epoch_87": {"ls(x1)": 1.202929973602295}, "epoch_88": {"ls(x1)": 1.2304344177246094}, "epoch_89": {"ls(x1)": 1.2488799095153809}, "epoch_90": {"ls(x1)": 1.2062124013900757}, "epoch_91": {"ls(x1)": 1.2665756940841675}, "epoch_92": {"ls(x1)": 1.2891279458999634}, "epoch_93": {"ls(x1)": 1.3147447109222412}, "epoch_94": {"ls(x1)": 1.321109652519226}, "epoch_95": {"ls(x1)": 1.3381028175354004}, "epoch_96": {"ls(x1)": 1.388432264328003}, "epoch_97": {"ls(x1)": 1.38450288772583}, "epoch_98": {"ls(x1)": 1.382106900215149}, "epoch_99": {"ls(x1)": 1.4120246171951294}, "epoch_100": {"ls(x1)": 1.4537832736968994}, "epoch_101": {"ls(x1)": 1.4762294292449951}, "epoch_102": {"ls(x1)": 1.4924144744873047}, "epoch_103": {"ls(x1)": 1.4781090021133423}, "epoch_104": {"ls(x1)": 1.4938713312149048}, "epoch_105": {"ls(x1)": 1.5132315158843994}, "epoch_106": {"ls(x1)": 1.5471837520599365}, "epoch_107": {"ls(x1)": 1.5294110774993896}, "epoch_108": {"ls(x1)": 1.57440185546875}, "epoch_109": {"ls(x1)": 1.5950549840927124}, "epoch_110": {"ls(x1)": 1.6110557317733765}, "epoch_111": {"ls(x1)": 1.6341371536254883}, "epoch_112": {"ls(x1)": 1.5957436561584473}, "epoch_113": {"ls(x1)": 1.6508705615997314}, "epoch_114": {"ls(x1)": 1.6476738452911377}, "epoch_115": {"ls(x1)": 1.6891820430755615}, "epoch_116": {"ls(x1)": 1.687869906425476}, "epoch_117": {"ls(x1)": 1.705971598625183}, "epoch_118": {"ls(x1)": 1.7139630317687988}, "epoch_119": {"ls(x1)": 1.732873558998108}, "epoch_120": {"ls(x1)": 1.7241605520248413}, "epoch_121": {"ls(x1)": 1.758236289024353}, "epoch_122": {"ls(x1)": 1.7294355630874634}, "epoch_123": {"ls(x1)": 1.7585209608078003}, "epoch_124": {"ls(x1)": 1.7576853036880493}, "epoch_125": {"ls(x1)": 1.8110769987106323}, "epoch_126": {"ls(x1)": 1.7908258438110352}, "epoch_127": {"ls(x1)": 1.773956537246704}, "epoch_128": {"ls(x1)": 1.8158031702041626}, "epoch_129": {"ls(x1)": 1.7811897993087769}, "epoch_130": {"ls(x1)": 1.825252890586853}, "epoch_131": {"ls(x1)": 1.8172831535339355}, "epoch_132": {"ls(x1)": 1.849587321281433}, "epoch_133": {"ls(x1)": 1.8874328136444092}, "epoch_134": {"ls(x1)": 1.850915789604187}, "epoch_135": {"ls(x1)": 1.8532291650772095}, "epoch_136": {"ls(x1)": 1.8535984754562378}, "epoch_137": {"ls(x1)": 1.8828356266021729}, "epoch_138": {"ls(x1)": 1.883642315864563}, "epoch_139": {"ls(x1)": 1.8872320652008057}, "epoch_140": {"ls(x1)": 1.8428457975387573}, "epoch_141": {"ls(x1)": 1.8740752935409546}, "epoch_142": {"ls(x1)": 1.8766061067581177}, "epoch_143": {"ls(x1)": 1.910191297531128}, "epoch_144": {"ls(x1)": 1.896574854850769}, "epoch_145": {"ls(x1)": 1.8727325201034546}, "epoch_146": {"ls(x1)": 1.886445164680481}, "epoch_147": {"ls(x1)": 1.913491129875183}, "epoch_148": {"ls(x1)": 1.882718563079834}, "epoch_149": {"ls(x1)": 1.9059600830078125}, "epoch_150": {"ls(x1)": 1.9258209466934204}, "epoch_151": {"ls(x1)": 1.9109126329421997}, "epoch_152": {"ls(x1)": 1.9401280879974365}, "epoch_153": {"ls(x1)": 1.899249792098999}, "epoch_154": {"ls(x1)": 1.9244368076324463}, "epoch_155": {"ls(x1)": 1.9206087589263916}, "epoch_156": {"ls(x1)": 1.926253318786621}, "epoch_157": {"ls(x1)": 1.9451091289520264}, "epoch_158": {"ls(x1)": 1.9322385787963867}, "epoch_159": {"ls(x1)": 1.9036056995391846}, "epoch_160": {"ls(x1)": 1.9440232515335083}, "epoch_161": {"ls(x1)": 1.909942388534546}, "epoch_162": {"ls(x1)": 1.9488768577575684}, "epoch_163": {"ls(x1)": 1.9588391780853271}, "epoch_164": {"ls(x1)": 1.9042339324951172}, "epoch_165": {"ls(x1)": 1.9505000114440918}, "epoch_166": {"ls(x1)": 1.941878080368042}, "epoch_167": {"ls(x1)": 1.9540153741836548}, "epoch_168": {"ls(x1)": 1.9215136766433716}, "epoch_169": {"ls(x1)": 1.97704017162323}, "epoch_170": {"ls(x1)": 1.958921194076538}, "epoch_171": {"ls(x1)": 1.941982626914978}, "epoch_172": {"ls(x1)": 1.9153343439102173}, "epoch_173": {"ls(x1)": 1.9783397912979126}, "epoch_174": {"ls(x1)": 1.9255528450012207}, "epoch_175": {"ls(x1)": 2.001748561859131}, "epoch_176": {"ls(x1)": 1.932167887687683}, "epoch_177": {"ls(x1)": 1.9529106616973877}, "epoch_178": {"ls(x1)": 1.9496477842330933}, "epoch_179": {"ls(x1)": 1.9739676713943481},