{"epoch_1": {"ls(x1)": -0.4759533405303955}, "epoch_2": {"ls(x1)": -0.4659809172153473}, "epoch_3": {"ls(x1)": -0.45604372024536133}, "epoch_4": {"ls(x1)": -0.44615113735198975}, "epoch_5": {"ls(x1)": -0.4363139569759369}, "epoch_6": {"ls(x1)": -0.42654380202293396}, "epoch_7": {"ls(x1)": -0.4168528616428375}, "epoch_8": {"ls(x1)": -0.40725386142730713}, "epoch_9": {"ls(x1)": -0.39775994420051575}, "epoch_10": {"ls(x1)": -0.3883846700191498}}