{"epoch_1": [[-5.949178695678711], [-5.534079551696777], [-4.44459342956543], [-3.5330159664154053], [-3.0218238830566406], [-2.6387009620666504], [-2.3202643394470215], [-1.8960304260253906], [-1.3217029571533203], [-0.4728055000305176], [0.7033443450927734], [1.9152536392211914], [2.9706478118896484], [4.145864486694336], [4.876128196716309], [6.162117958068848], [7.147707939147949], [7.94903564453125], [8.603816986083984], [9.138978004455566]], "epoch_2": [[-5.93923807144165], [-5.520730972290039], [-4.425108909606934], [-3.515470266342163], [-3.005587339401245], [-2.623506546020508], [-2.3059630393981934], [-1.8828611373901367], [-1.309962272644043], [-0.4629330635070801], [0.7109613418579102], [1.9205799102783203], [2.9738473892211914], [4.1468095779418945], [4.87537956237793], [6.15900993347168], [7.142555236816406], [7.942157745361328], [8.601734161376953], [9.141051292419434]], "epoch_3": [[-5.92936897277832], [-5.507431507110596], [-4.406591892242432], [-3.501002550125122], [-2.9938302040100098], [-2.6139039993286133], [-2.298206329345703], [-1.8774452209472656], [-1.3075056076049805], [-0.4643545150756836], [0.7048501968383789], [1.9097051620483398], [2.9585514068603516], [4.126826286315918], [4.851884841918945], [6.130607604980469], [7.109902381896973], [7.90579891204834], [8.570168495178223], [9.113665580749512]], "epoch_4": [[-5.919589519500732], [-5.494199752807617], [-4.389680862426758], [-3.4888594150543213], [-2.9848709106445312], [-2.6074743270874023], [-2.293942451477051], [-1.875929832458496], [-1.3094682693481445], [-0.47087860107421875], [0.6928033828735352], [1.8920488357543945], [2.9356918334960938], [4.098445892333984], [4.819375991821289], [6.092316627502441], [7.066610336303711], [7.858127593994141], [8.52728271484375], [9.074982643127441]], "epoch_5": [[-5.909920692443848], [-5.4810566902160645], [-4.374942779541016], [-3.4792513847351074], [-2.978682518005371], [-2.6040000915527344], [-2.292792320251465], [-1.877730369567871], [-1.3150043487548828], [-0.4813213348388672], [0.6764154434204102], [1.8696212768554688], [2.9076642990112305], [4.064475059509277], [4.780966758728027], [6.04768180847168], [7.016594886779785], [7.803396224975586], [8.477320671081543], [9.029248237609863]], "epoch_6": [[-5.900387763977051], [-5.468027114868164], [-4.362456321716309], [-3.472121238708496], [-2.9751157760620117], [-2.6032605171203613], [-2.2944717407226562], [-1.8824830055236816], [-1.3236517906188965], [-0.4950885772705078], [0.6564364433288574], [1.8433313369750977], [2.87552547454834], [4.026127815246582], [4.737988471984863], [5.998197555541992], [6.961491584777832], [7.743368148803711], [8.422036170959473], [8.978215217590332]], "epoch_7": [[-5.891016960144043], [-5.455138683319092], [-4.3518524169921875], [-3.467033863067627], [-2.973691940307617], [-2.604740619659424], [-2.298435688018799], [-1.8896045684814453], [-1.3347787857055664], [-0.5114879608154297], [0.6336350440979004], [1.8140239715576172], [2.840190887451172], [3.984394073486328], [4.691489219665527], [5.944990158081055], [6.902496337890625], [7.6793012619018555], [8.362676620483398], [8.92313003540039]], "epoch_8": [[-5.881837844848633], [-5.44242000579834], [-4.342679023742676], [-3.463500738143921], [-2.9738974571228027], [-2.607907295227051], [-2.3041343688964844], [-1.8985247611999512], [-1.3477873802185059], [-0.5298852920532227], [0.6086854934692383], [1.7824163436889648], [2.8024187088012695], [3.9400720596313477], [4.642298698425293], [5.888933181762695], [6.840518951416016], [7.612139701843262], [8.300175666809082], [8.864927291870117]], "epoch_9": [[-5.872882843017578], [-5.429903984069824], [-4.334592342376709], [-3.461155891418457], [-2.975350856781006], [-2.6123671531677246], [-2.3111629486083984], [-1.9088239669799805], [-1.3622417449951172], [-0.5498242378234863], [0.5820713043212891], [1.7490177154541016], [2.7627410888671875], [3.893721580505371], [4.590996742248535], [5.830633163452148], [6.776191711425781], [7.542536735534668], [8.235173225402832], [8.804245948791504]], "epoch_10": [[-5.864184856414795], [-5.417623043060303], [-4.32737398147583], [-3.4597649574279785], [-2.977806806564331], [-2.617865562438965], [-2.319260597229004], [-1.9202322959899902], [-1.3778605461120605], [-0.571007251739502], [0.5541067123413086], [1.7141599655151367], [2.721508026123047], [3.845709800720215], [4.537962913513184], [5.7704877853393555], [6.709927558898926], [7.470919609069824], [8.168084144592285], [8.741500854492188]]}