{"epoch_1": {"shift_0": [[-0.5823502540588379]]}, "epoch_2": {"shift_0": [[-1.127442717552185]]}, "epoch_3": {"shift_0": [[-1.529520869255066]]}, "epoch_4": {"shift_0": [[-1.5990434885025024]]}, "epoch_5": {"shift_0": [[-1.5219827890396118]]}, "epoch_6": {"shift_0": [[-1.3726340532302856]]}, "epoch_7": {"shift_0": [[-1.2392804622650146]]}, "epoch_8": {"shift_0": [[-1.1160794496536255]]}, "epoch_9": {"shift_0": [[-1.0780880451202393]]}, "epoch_10": {"shift_0": [[-1.0307565927505493]]}, "epoch_11": {"shift_0": [[-0.8824976086616516]]}, "epoch_12": {"shift_0": [[-0.8403027653694153]]}, "epoch_13": {"shift_0": [[-0.7123559713363647]]}, "epoch_14": {"shift_0": [[-0.5262320041656494]]}, "epoch_15": {"shift_0": [[-0.5148804783821106]]}, "epoch_16": {"shift_0": [[-0.5151283740997314]]}, "epoch_17": {"shift_0": [[-0.3007119297981262]]}, "epoch_18": {"shift_0": [[-0.3944378197193146]]}, "epoch_19": {"shift_0": [[-0.2318388968706131]]}, "epoch_20": {"shift_0": [[-0.05798468366265297]]}, "epoch_21": {"shift_0": [[-0.18236228823661804]]}, "epoch_22": {"shift_0": [[-0.06705397367477417]]}, "epoch_23": {"shift_0": [[0.053135886788368225]]}, "epoch_24": {"shift_0": [[0.21068181097507477]]}, "epoch_25": {"shift_0": [[0.1518368273973465]]}, "epoch_26": {"shift_0": [[0.24475975334644318]]}, "epoch_27": {"shift_0": [[0.31229111552238464]]}, "epoch_28": {"shift_0": [[0.27269044518470764]]}, "epoch_29": {"shift_0": [[0.39698857069015503]]}, "epoch_30": {"shift_0": [[0.4572770297527313]]}, "epoch_31": {"shift_0": [[0.4564374089241028]]}, "epoch_32": {"shift_0": [[0.5348907709121704]]}, "epoch_33": {"shift_0": [[0.6287303566932678]]}, "epoch_34": {"shift_0": [[0.5799407362937927]]}, "epoch_35": {"shift_0": [[0.664937436580658]]}, "epoch_36": {"shift_0": [[0.7582036256790161]]}, "epoch_37": {"shift_0": [[0.8019599914550781]]}, "epoch_38": {"shift_0": [[0.7863848209381104]]}, "epoch_39": {"shift_0": [[0.745380163192749]]}, "epoch_40": {"shift_0": [[0.8684583306312561]]}, "epoch_41": {"shift_0": [[0.8843114972114563]]}, "epoch_42": {"shift_0": [[0.9711684584617615]]}, "epoch_43": {"shift_0": [[0.9079270362854004]]}, "epoch_44": {"shift_0": [[0.9820030927658081]]}, "epoch_45": {"shift_0": [[1.1514185667037964]]}, "epoch_46": {"shift_0": [[1.1484267711639404]]}, "epoch_47": {"shift_0": [[1.0477797985076904]]}, "epoch_48": {"shift_0": [[1.142590045928955]]}, "epoch_49": {"shift_0": [[1.2364652156829834]]}, "epoch_50": {"shift_0": [[1.2108553647994995]]}, "epoch_51": {"shift_0": [[1.1167086362838745]]}, "epoch_52": {"shift_0": [[1.2488690614700317]]}, "epoch_53": {"shift_0": [[1.179248332977295]]}, "epoch_54": {"shift_0": [[1.2148679494857788]]}, "epoch_55": {"shift_0": [[1.3835844993591309]]}, "epoch_56": {"shift_0": [[1.3212254047393799]]}, "epoch_57": {"shift_0": [[1.4601733684539795]]}, "epoch_58": {"shift_0": [[1.3026814460754395]]}, "epoch_59": {"shift_0": [[1.4186402559280396]]}, "epoch_60": {"shift_0": [[1.4077754020690918]]}, "epoch_61": {"shift_0": [[1.3543058633804321]]}, "epoch_62": {"shift_0": [[1.5141230821609497]]}, "epoch_63": {"shift_0": [[1.3964158296585083]]}, "epoch_64": {"shift_0": [[1.5512127876281738]]}, "epoch_65": {"shift_0": [[1.5076112747192383]]}, "epoch_66": {"shift_0": [[1.5276527404785156]]}, "epoch_67": {"shift_0": [[1.6811723709106445]]}, "epoch_68": {"shift_0": [[1.616147756576538]]}, "epoch_69": {"shift_0": [[1.5996416807174683]]}, "epoch_70": {"shift_0": [[1.4719843864440918]]}, "epoch_71": {"shift_0": [[1.6519421339035034]]}, "epoch_72": {"shift_0": [[1.6108959913253784]]}, "epoch_73": {"shift_0": [[1.5814462900161743]]}, "epoch_74": {"shift_0": [[1.676087737083435]]}, "epoch_75": {"shift_0": [[1.7452033758163452]]}, "epoch_76": {"shift_0": [[1.661514401435852]]}, "epoch_77": {"shift_0": [[1.798306941986084]]}, "epoch_78": {"shift_0": [[1.6181031465530396]]}, "epoch_79": {"shift_0": [[1.7256487607955933]]}, "epoch_80": {"shift_0": [[1.8161163330078125]]}, "epoch_81": {"shift_0": [[1.8136649131774902]]}, "epoch_82": {"shift_0": [[1.7762316465377808]]}, "epoch_83": {"shift_0": [[1.6976749897003174]]}, "epoch_84": {"shift_0": [[1.8081929683685303]]}, "epoch_85": {"shift_0": [[1.73125422000885]]}, "epoch_86": {"shift_0": [[1.789876937866211]]}, "epoch_87": {"shift_0": [[1.884141206741333]]}, "epoch_88": {"shift_0": [[1.8141318559646606]]}, "epoch_89": {"shift_0": [[1.6924713850021362]]}, "epoch_90": {"shift_0": [[1.740875244140625]]}, "epoch_91": {"shift_0": [[1.9165418148040771]]}, "epoch_92": {"shift_0": [[1.7715789079666138]]}, "epoch_93": {"shift_0": [[1.7761342525482178]]}, "epoch_94": {"shift_0": [[1.724557638168335]]}, "epoch_95": {"shift_0": [[1.8669753074645996]]}, "epoch_96": {"shift_0": [[1.8621466159820557]]}, "epoch_97": {"shift_0": [[1.711909532546997]]}, "epoch_98": {"shift_0": [[1.779116153717041]]}, "epoch_99": {"shift_0": [[1.9292970895767212]]}, "epoch_100": {"shift_0": [[1.8185030221939087]]}}