{"epoch_1": {"ls(x2)": 0.017510997131466866}, "epoch_2": {"ls(x2)": 0.028335098177194595}, "epoch_3": {"ls(x2)": 0.040053222328424454}, "epoch_4": {"ls(x2)": 0.047463007271289825}, "epoch_5": {"ls(x2)": 0.046846065670251846}, "epoch_6": {"ls(x2)": 0.08124376833438873}, "epoch_7": {"ls(x2)": 0.08635032176971436}, "epoch_8": {"ls(x2)": 0.09209879487752914}, "epoch_9": {"ls(x2)": 0.08949275314807892}, "epoch_10": {"ls(x2)": 0.08081541210412979}, "epoch_11": {"ls(x2)": 0.10100099444389343}, "epoch_12": {"ls(x2)": 0.1277807652950287}, "epoch_13": {"ls(x2)": 0.1515570729970932}, "epoch_14": {"ls(x2)": 0.1568237543106079}, "epoch_15": {"ls(x2)": 0.16793280839920044}, "epoch_16": {"ls(x2)": 0.1525150090456009}, "epoch_17": {"ls(x2)": 0.1706089824438095}, "epoch_18": {"ls(x2)": 0.18412290513515472}, "epoch_19": {"ls(x2)": 0.16612209379673004}, "epoch_20": {"ls(x2)": 0.18657945096492767}, "epoch_21": {"ls(x2)": 0.191196009516716}, "epoch_22": {"ls(x2)": 0.21185991168022156}, "epoch_23": {"ls(x2)": 0.17685893177986145}, "epoch_24": {"ls(x2)": 0.20506520569324493}, "epoch_25": {"ls(x2)": 0.19211892783641815}, "epoch_26": {"ls(x2)": 0.22757765650749207}, "epoch_27": {"ls(x2)": 0.23851121962070465}, "epoch_28": {"ls(x2)": 0.21809172630310059}, "epoch_29": {"ls(x2)": 0.17986834049224854}, "epoch_30": {"ls(x2)": 0.21911993622779846}, "epoch_31": {"ls(x2)": 0.23370781540870667}, "epoch_32": {"ls(x2)": 0.20257771015167236}, "epoch_33": {"ls(x2)": 0.2647039592266083}, "epoch_34": {"ls(x2)": 0.23088720440864563}, "epoch_35": {"ls(x2)": 0.24959789216518402}, "epoch_36": {"ls(x2)": 0.25389283895492554}, "epoch_37": {"ls(x2)": 0.24009665846824646}, "epoch_38": {"ls(x2)": 0.24363304674625397}, "epoch_39": {"ls(x2)": 0.2407589703798294}, "epoch_40": {"ls(x2)": 0.2629450857639313}, "epoch_41": {"ls(x2)": 0.24719463288784027}, "epoch_42": {"ls(x2)": 0.25982436537742615}, "epoch_43": {"ls(x2)": 0.26802733540534973}, "epoch_44": {"ls(x2)": 0.28425586223602295}, "epoch_45": {"ls(x2)": 0.2645092010498047}, "epoch_46": {"ls(x2)": 0.24820666015148163}, "epoch_47": {"ls(x2)": 0.2980335056781769}, "epoch_48": {"ls(x2)": 0.2423589527606964}, "epoch_49": {"ls(x2)": 0.2747702896595001}, "epoch_50": {"ls(x2)": 0.2551541328430176}, "epoch_51": {"ls(x2)": 0.2962769567966461}, "epoch_52": {"ls(x2)": 0.27613332867622375}, "epoch_53": {"ls(x2)": 0.2653864026069641}, "epoch_54": {"ls(x2)": 0.2597159147262573}, "epoch_55": {"ls(x2)": 0.3017681837081909}, "epoch_56": {"ls(x2)": 0.29162678122520447}, "epoch_57": {"ls(x2)": 0.2884666919708252}, "epoch_58": {"ls(x2)": 0.2972975969314575}, "epoch_59": {"ls(x2)": 0.2864720821380615}, "epoch_60": {"ls(x2)": 0.2836565375328064}, "epoch_61": {"ls(x2)": 0.279367595911026}, "epoch_62": {"ls(x2)": 0.3144569993019104}, "epoch_63": {"ls(x2)": 0.2814180552959442}, "epoch_64": {"ls(x2)": 0.29686397314071655}, "epoch_65": {"ls(x2)": 0.2953844666481018}, "epoch_66": {"ls(x2)": 0.2860826253890991}, "epoch_67": {"ls(x2)": 0.2980909049510956}, "epoch_68": {"ls(x2)": 0.3118782937526703}, "epoch_69": {"ls(x2)": 0.3069921135902405}, "epoch_70": {"ls(x2)": 0.2916155755519867}, "epoch_71": {"ls(x2)": 0.31366202235221863}, "epoch_72": {"ls(x2)": 0.27597641944885254}, "epoch_73": {"ls(x2)": 0.2732027471065521}, "epoch_74": {"ls(x2)": 0.28405916690826416}, "epoch_75": {"ls(x2)": 0.24526195228099823}, "epoch_76": {"ls(x2)": 0.2600950300693512}, "epoch_77": {"ls(x2)": 0.3195664584636688}, "epoch_78": {"ls(x2)": 0.29738348722457886}, "epoch_79": {"ls(x2)": 0.30401572585105896}, "epoch_80": {"ls(x2)": 0.3021415174007416}, "epoch_81": {"ls(x2)": 0.2883825898170471}, "epoch_82": {"ls(x2)": 0.2805534601211548}, "epoch_83": {"ls(x2)": 0.2959112524986267}, "epoch_84": {"ls(x2)": 0.2924877405166626}, "epoch_85": {"ls(x2)": 0.3096575438976288}, "epoch_86": {"ls(x2)": 0.3045874536037445}, "epoch_87": {"ls(x2)": 0.2620096206665039}, "epoch_88": {"ls(x2)": 0.2637668251991272}, "epoch_89": {"ls(x2)": 0.297567218542099}, "epoch_90": {"ls(x2)": 0.2779647409915924}, "epoch_91": {"ls(x2)": 0.30000296235084534}, "epoch_92": {"ls(x2)": 0.3214521110057831}, "epoch_93": {"ls(x2)": 0.2985870838165283}, "epoch_94": {"ls(x2)": 0.2997753322124481}, "epoch_95": {"ls(x2)": 0.2919153869152069}, "epoch_96": {"ls(x2)": 0.289230614900589}, "epoch_97": {"ls(x2)": 0.27656280994415283}, "epoch_98": {"ls(x2)": 0.2813239097595215}, "epoch_99": {"ls(x2)": 0.28553885221481323}, "epoch_100": {"ls(x2)": 0.3139118552207947}, "epoch_101": {"ls(x2)": 0.2926578223705292}, "epoch_102": {"ls(x2)": 0.29175665974617004}, "epoch_103": {"ls(x2)": 0.2771182358264923}, "epoch_104": {"ls(x2)": 0.2875618040561676}, "epoch_105": {"ls(x2)": 0.2899833917617798}, "epoch_106": {"ls(x2)": 0.3015878200531006}, "epoch_107": {"ls(x2)": 0.2718237340450287}, "epoch_108": {"ls(x2)": 0.29414552450180054}, "epoch_109": {"ls(x2)": 0.29588714241981506}, "epoch_110": {"ls(x2)": 0.28929761052131653}, "epoch_111": {"ls(x2)": 0.28741252422332764}, "epoch_112": {"ls(x2)": 0.2865208089351654}, "epoch_113": {"ls(x2)": 0.3088816702365875}, "epoch_114": {"ls(x2)": 0.32107147574424744}, "epoch_115": {"ls(x2)": 0.3047187924385071}, "epoch_116": {"ls(x2)": 0.29564231634140015}, "epoch_117": {"ls(x2)": 0.268777072429657}, "epoch_118": {"ls(x2)": 0.2784200608730316}, "epoch_119": {"ls(x2)": 0.27731236815452576}, "epoch_120": {"ls(x2)": 0.2882893681526184}, "epoch_121": {"ls(x2)": 0.3249512314796448}, "epoch_122": {"ls(x2)": 0.28615400195121765}, "epoch_123": {"ls(x2)": 0.3105097711086273}, "epoch_124": {"ls(x2)": 0.290328711271286}, "epoch_125": {"ls(x2)": 0.3012787699699402}, "epoch_126": {"ls(x2)": 0.28083500266075134}, "epoch_127": {"ls(x2)": 0.28926241397857666}, "epoch_128": {"ls(x2)": 0.2987715005874634}, "epoch_129": {"ls(x2)": 0.2959943413734436}, "epoch_130": {"ls(x2)": 0.313008189201355}, "epoch_131": {"ls(x2)": 0.3050351142883301}, "epoch_132": {"ls(x2)": 0.29092100262641907}, "epoch_133": {"ls(x2)": 0.30565303564071655}, "epoch_134": {"ls(x2)": 0.2855828106403351}, "epoch_135": {"ls(x2)": 0.32934004068374634}, "epoch_136": {"ls(x2)": 0.3017462193965912}, "epoch_137": {"ls(x2)": 0.30690425634384155}, "epoch_138": {"ls(x2)": 0.2877289354801178}, "epoch_139": {"ls(x2)": 0.28924819827079773}, "epoch_140": {"ls(x2)": 0.31329187750816345}, "epoch_141": {"ls(x2)": 0.27785882353782654}, "epoch_142": {"ls(x2)": 0.2953605055809021}, "epoch_143": {"ls(x2)": 0.28473713994026184}, "epoch_144": {"ls(x2)": 0.3019125759601593}, "epoch_145": {"ls(x2)": 0.30024102330207825}, "epoch_146": {"ls(x2)": 0.30884721875190735}, "epoch_147": {"ls(x2)": 0.31212955713272095}, "epoch_148": {"ls(x2)": 0.2966245710849762}, "epoch_149": {"ls(x2)": 0.2913586497306824}, "epoch_150": {"ls(x2)": 0.2850567102432251}, "epoch_151": {"ls(x2)": 0.2811731696128845}, "epoch_152": {"ls(x2)": 0.31031811237335205}, "epoch_153": {"ls(x2)": 0.31274014711380005}, "epoch_154": {"ls(x2)": 0.2990717887878418}, "epoch_155": {"ls(x2)": 0.27077516913414}, "epoch_156": {"ls(x2)": 0.3090250492095947}, "epoch_157": {"ls(x2)": 0.27921757102012634}, "epoch_158": {"ls(x2)": 0.28903108835220337}, "epoch_159": {"ls(x2)": 0.29546740651130676}, "epoch_160": {"ls(x2)": 0.2831782400608063}, "epoch_161": {"ls(x2)": 0.2968696653842926}, "epoch_162": {"ls(x2)": 0.2924400866031647}, "epoch_163": {"ls(x2)": 0.28336888551712036}, "epoch_164": {"ls(x2)": 0.2923527657985687}, "epoch_165": {"ls(x2)": 0.2895352840423584}, "epoch_166": {"ls(x2)": 0.2882038950920105}, "epoch_167": {"ls(x2)": 0.28259211778640747}, "epoch_168": {"ls(x2)": 0.29809120297431946}, "epoch_169": {"ls(x2)": 0.2961152195930481}, "epoch_170": {"ls(x2)": 0.32686957716941833}, "epoch_171": {"ls(x2)": 0.27058979868888855}, "epoch_172": {"ls(x2)": 0.3157203495502472}, "epoch_173": {"ls(x2)": 0.2878859341144562}, "epoch_174": {"ls(x2)": 0.2910022735595703}, "epoch_175": {"ls(x2)": 0.2573988735675812}, "epoch_176": {"ls(x2)": 0.3032841086387634}, "epoch_177": {"ls(x2)": 0.30104416608810425}, "epoch_178": {"ls(x2)": 0.2920706272125244},