{"epoch_1": {"ls(x1)": -0.4002787470817566}, "epoch_2": {"ls(x1)": -0.13404636085033417}, "epoch_3": {"ls(x1)": -0.04703912138938904}, "epoch_4": {"ls(x1)": -0.03525921329855919}, "epoch_5": {"ls(x1)": -0.04578772187232971}, "epoch_6": {"ls(x1)": -0.06190411373972893}, "epoch_7": {"ls(x1)": -0.07428259402513504}, "epoch_8": {"ls(x1)": -0.07768534868955612}, "epoch_9": {"ls(x1)": -0.08798094093799591}, "epoch_10": {"ls(x1)": -0.1002655178308487}, "epoch_11": {"ls(x1)": -0.10192778706550598}, "epoch_12": {"ls(x1)": -0.10242153704166412}, "epoch_13": {"ls(x1)": -0.1291835457086563}, "epoch_14": {"ls(x1)": -0.12410802394151688}, "epoch_15": {"ls(x1)": -0.13106472790241241}, "epoch_16": {"ls(x1)": -0.13738998770713806}, "epoch_17": {"ls(x1)": -0.1412435919046402}, "epoch_18": {"ls(x1)": -0.14722947776317596}, "epoch_19": {"ls(x1)": -0.1689472496509552}, "epoch_20": {"ls(x1)": -0.16450121998786926}, "epoch_21": {"ls(x1)": -0.17161904275417328}, "epoch_22": {"ls(x1)": -0.17021329700946808}, "epoch_23": {"ls(x1)": -0.17348556220531464}, "epoch_24": {"ls(x1)": -0.17118975520133972}, "epoch_25": {"ls(x1)": -0.1720820516347885}, "epoch_26": {"ls(x1)": -0.17809399962425232}, "epoch_27": {"ls(x1)": -0.1817653328180313}, "epoch_28": {"ls(x1)": -0.18378862738609314}, "epoch_29": {"ls(x1)": -0.18722973763942719}, "epoch_30": {"ls(x1)": -0.19430282711982727}, "epoch_31": {"ls(x1)": -0.1954309642314911}, "epoch_32": {"ls(x1)": -0.20093025267124176}, "epoch_33": {"ls(x1)": -0.19253157079219818}, "epoch_34": {"ls(x1)": -0.2168210744857788}, "epoch_35": {"ls(x1)": -0.19330289959907532}, "epoch_36": {"ls(x1)": -0.201700821518898}, "epoch_37": {"ls(x1)": -0.21353906393051147}, "epoch_38": {"ls(x1)": -0.21909300982952118}, "epoch_39": {"ls(x1)": -0.22090193629264832}, "epoch_40": {"ls(x1)": -0.22052215039730072}, "epoch_41": {"ls(x1)": -0.214943990111351}, "epoch_42": {"ls(x1)": -0.22490505874156952}, "epoch_43": {"ls(x1)": -0.23123674094676971}, "epoch_44": {"ls(x1)": -0.22431471943855286}, "epoch_45": {"ls(x1)": -0.21992048621177673}, "epoch_46": {"ls(x1)": -0.23917002975940704}, "epoch_47": {"ls(x1)": -0.22449997067451477}, "epoch_48": {"ls(x1)": -0.2338043451309204}, "epoch_49": {"ls(x1)": -0.23154184222221375}, "epoch_50": {"ls(x1)": -0.21708117425441742}, "epoch_51": {"ls(x1)": -0.2374698519706726}, "epoch_52": {"ls(x1)": -0.2397710680961609}, "epoch_53": {"ls(x1)": -0.24261341989040375}, "epoch_54": {"ls(x1)": -0.24187397956848145}, "epoch_55": {"ls(x1)": -0.23748551309108734}, "epoch_56": {"ls(x1)": -0.22550778090953827}, "epoch_57": {"ls(x1)": -0.22949343919754028}, "epoch_58": {"ls(x1)": -0.23161791265010834}, "epoch_59": {"ls(x1)": -0.23198209702968597}, "epoch_60": {"ls(x1)": -0.2274152785539627}, "epoch_61": {"ls(x1)": -0.2395627498626709}, "epoch_62": {"ls(x1)": -0.22614188492298126}, "epoch_63": {"ls(x1)": -0.24483591318130493}, "epoch_64": {"ls(x1)": -0.23364989459514618}, "epoch_65": {"ls(x1)": -0.2432090789079666}, "epoch_66": {"ls(x1)": -0.2538561224937439}, "epoch_67": {"ls(x1)": -0.2372768223285675}, "epoch_68": {"ls(x1)": -0.2448876053094864}, "epoch_69": {"ls(x1)": -0.2486807405948639}, "epoch_70": {"ls(x1)": -0.23779726028442383}, "epoch_71": {"ls(x1)": -0.23875750601291656}, "epoch_72": {"ls(x1)": -0.24298526346683502}, "epoch_73": {"ls(x1)": -0.25068098306655884}, "epoch_74": {"ls(x1)": -0.2362077236175537}, "epoch_75": {"ls(x1)": -0.24552582204341888}, "epoch_76": {"ls(x1)": -0.2443021982908249}, "epoch_77": {"ls(x1)": -0.24100583791732788}, "epoch_78": {"ls(x1)": -0.2501554489135742}, "epoch_79": {"ls(x1)": -0.23196546733379364}, "epoch_80": {"ls(x1)": -0.24295459687709808}, "epoch_81": {"ls(x1)": -0.2571187913417816}, "epoch_82": {"ls(x1)": -0.2501717507839203}, "epoch_83": {"ls(x1)": -0.23309257626533508}, "epoch_84": {"ls(x1)": -0.2545461654663086}, "epoch_85": {"ls(x1)": -0.23351559042930603}, "epoch_86": {"ls(x1)": -0.24830608069896698}, "epoch_87": {"ls(x1)": -0.2274908423423767}, "epoch_88": {"ls(x1)": -0.25504830479621887}, "epoch_89": {"ls(x1)": -0.2446899563074112}, "epoch_90": {"ls(x1)": -0.2515038549900055}, "epoch_91": {"ls(x1)": -0.23619236052036285}, "epoch_92": {"ls(x1)": -0.2406008541584015}, "epoch_93": {"ls(x1)": -0.2320960909128189}, "epoch_94": {"ls(x1)": -0.2488187551498413}, "epoch_95": {"ls(x1)": -0.2336999773979187}, "epoch_96": {"ls(x1)": -0.2335476279258728}, "epoch_97": {"ls(x1)": -0.2498573213815689}, "epoch_98": {"ls(x1)": -0.2451120913028717}, "epoch_99": {"ls(x1)": -0.23866307735443115}, "epoch_100": {"ls(x1)": -0.2216475009918213}, "epoch_101": {"ls(x1)": -0.24151206016540527}, "epoch_102": {"ls(x1)": -0.23304679989814758}, "epoch_103": {"ls(x1)": -0.2434418648481369}, "epoch_104": {"ls(x1)": -0.23528017103672028}, "epoch_105": {"ls(x1)": -0.2443871945142746}, "epoch_106": {"ls(x1)": -0.24252961575984955}, "epoch_107": {"ls(x1)": -0.23243287205696106}, "epoch_108": {"ls(x1)": -0.2335120439529419}, "epoch_109": {"ls(x1)": -0.24087490141391754}, "epoch_110": {"ls(x1)": -0.24577948451042175}, "epoch_111": {"ls(x1)": -0.23583468794822693}, "epoch_112": {"ls(x1)": -0.24075132608413696}, "epoch_113": {"ls(x1)": -0.23754633963108063}, "epoch_114": {"ls(x1)": -0.24900543689727783}, "epoch_115": {"ls(x1)": -0.2404211461544037}, "epoch_116": {"ls(x1)": -0.2357867807149887}, "epoch_117": {"ls(x1)": -0.2384272962808609}, "epoch_118": {"ls(x1)": -0.2337711751461029}, "epoch_119": {"ls(x1)": -0.23808613419532776}, "epoch_120": {"ls(x1)": -0.23203259706497192}, "epoch_121": {"ls(x1)": -0.23924405872821808}, "epoch_122": {"ls(x1)": -0.2437756359577179}, "epoch_123": {"ls(x1)": -0.23359747231006622}, "epoch_124": {"ls(x1)": -0.24271395802497864}, "epoch_125": {"ls(x1)": -0.2447955459356308}, "epoch_126": {"ls(x1)": -0.25445854663848877}, "epoch_127": {"ls(x1)": -0.23887093365192413}, "epoch_128": {"ls(x1)": -0.24329747259616852}, "epoch_129": {"ls(x1)": -0.24736502766609192}, "epoch_130": {"ls(x1)": -0.24236442148685455}, "epoch_131": {"ls(x1)": -0.24135634303092957}, "epoch_132": {"ls(x1)": -0.24381312727928162}, "epoch_133": {"ls(x1)": -0.26286402344703674}, "epoch_134": {"ls(x1)": -0.2445695847272873}, "epoch_135": {"ls(x1)": -0.2305499166250229}, "epoch_136": {"ls(x1)": -0.23877519369125366}, "epoch_137": {"ls(x1)": -0.23148179054260254}, "epoch_138": {"ls(x1)": -0.24196484684944153}, "epoch_139": {"ls(x1)": -0.2312418520450592}, "epoch_140": {"ls(x1)": -0.2430313676595688}, "epoch_141": {"ls(x1)": -0.24684695899486542}, "epoch_142": {"ls(x1)": -0.2294752299785614}, "epoch_143": {"ls(x1)": -0.22044143080711365}, "epoch_144": {"ls(x1)": -0.266814261674881}, "epoch_145": {"ls(x1)": -0.26649942994117737}, "epoch_146": {"ls(x1)": -0.24018484354019165}, "epoch_147": {"ls(x1)": -0.23124143481254578}, "epoch_148": {"ls(x1)": -0.23636290431022644}, "epoch_149": {"ls(x1)": -0.25518423318862915}, "epoch_150": {"ls(x1)": -0.23621580004692078}, "epoch_151": {"ls(x1)": -0.23993951082229614}, "epoch_152": {"ls(x1)": -0.24133557081222534}, "epoch_153": {"ls(x1)": -0.23738017678260803}, "epoch_154": {"ls(x1)": -0.23668202757835388}, "epoch_155": {"ls(x1)": -0.22695155441761017}, "epoch_156": {"ls(x1)": -0.2485310286283493}, "epoch_157": {"ls(x1)": -0.23891475796699524}, "epoch_158": {"ls(x1)": -0.24343471229076385}, "epoch_159": {"ls(x1)": -0.2361210286617279}, "epoch_160": {"ls(x1)": -0.2459854930639267}, "epoch_161": {"ls(x1)": -0.24125337600708008}, "epoch_162": {"ls(x1)": -0.24057234823703766}, "epoch_163": {"ls(x1)": -0.23057244718074799}, "epoch_164": {"ls(x1)": -0.23180265724658966}, "epoch_165": {"ls(x1)": -0.23262950778007507}, "epoch_166": {"ls(x1)": -0.24047458171844482}, "epoch_167": {"ls(x1)": -0.24494485557079315}, "epoch_168": {"ls(x1)": -0.23604024946689606}, "epoch_169": {"ls(x1)": -0.2528608441352844}, "epoch_170": {"ls(x1)": -0.2530166804790497}, "epoch_171": {"ls(x1)": -0.24008797109127045}, "epoch_172": {"ls(x1)": -0.23720026016235352}, "epoch_173": {"ls(x1)": -0.2264036387205124},