{"epoch_1": {"ls(T)": -0.013238741084933281}, "epoch_2": {"ls(T)": 0.16163405776023865}, "epoch_3": {"ls(T)": 0.1358296275138855}, "epoch_4": {"ls(T)": 0.0988020971417427}, "epoch_5": {"ls(T)": 0.07069354504346848}, "epoch_6": {"ls(T)": 0.05215337872505188}, "epoch_7": {"ls(T)": 0.036861736327409744}, "epoch_8": {"ls(T)": 0.03036063350737095}, "epoch_9": {"ls(T)": 0.025992849841713905}, "epoch_10": {"ls(T)": 0.025725893676280975}, "epoch_11": {"ls(T)": 0.025228939950466156}, "epoch_12": {"ls(T)": 0.022106094285845757}, "epoch_13": {"ls(T)": 0.02891414612531662}, "epoch_14": {"ls(T)": -0.018370220437645912}, "epoch_15": {"ls(T)": -0.06735863536596298}, "epoch_16": {"ls(T)": -0.09702645987272263}, "epoch_17": {"ls(T)": -0.11529696732759476}, "epoch_18": {"ls(T)": -0.11399049311876297}, "epoch_19": {"ls(T)": -0.14223036170005798}, "epoch_20": {"ls(T)": -0.15857158601284027}, "epoch_21": {"ls(T)": -0.1550319790840149}, "epoch_22": {"ls(T)": -0.15797589719295502}, "epoch_23": {"ls(T)": -0.15684667229652405}, "epoch_24": {"ls(T)": -0.1504552662372589}, "epoch_25": {"ls(T)": -0.11786604672670364}, "epoch_26": {"ls(T)": -0.12487896531820297}, "epoch_27": {"ls(T)": -0.10719581693410873}, "epoch_28": {"ls(T)": -0.08872747421264648}, "epoch_29": {"ls(T)": -0.06402920931577682}, "epoch_30": {"ls(T)": -0.03243313729763031}, "epoch_31": {"ls(T)": -0.03747440129518509}, "epoch_32": {"ls(T)": 0.0011414666660130024}, "epoch_33": {"ls(T)": 0.02187292091548443}, "epoch_34": {"ls(T)": 0.05094534158706665}, "epoch_35": {"ls(T)": 0.07044527679681778}, "epoch_36": {"ls(T)": 0.09329710155725479}, "epoch_37": {"ls(T)": 0.14501720666885376}, "epoch_38": {"ls(T)": 0.14970830082893372}, "epoch_39": {"ls(T)": 0.19616320729255676}, "epoch_40": {"ls(T)": 0.23439303040504456}, "epoch_41": {"ls(T)": 0.259448379278183}, "epoch_42": {"ls(T)": 0.28943026065826416}, "epoch_43": {"ls(T)": 0.32568982243537903}, "epoch_44": {"ls(T)": 0.3507406413555145}, "epoch_45": {"ls(T)": 0.42579516768455505}, "epoch_46": {"ls(T)": 0.43904349207878113}, "epoch_47": {"ls(T)": 0.47095948457717896}, "epoch_48": {"ls(T)": 0.48479750752449036}, "epoch_49": {"ls(T)": 0.5467346906661987}, "epoch_50": {"ls(T)": 0.5730559229850769}}