{"epoch_1": {"ls(x1)": 0.31267428398132324, "ls(T)": -0.3977435827255249, "ls(x2)": 0.9693179130554199}, "epoch_2": {"ls(x1)": 0.32265251874923706, "ls(T)": -0.38775667548179626, "ls(x2)": 0.9593307971954346}, "epoch_3": {"ls(x1)": 0.33259183168411255, "ls(T)": -0.3777925968170166, "ls(x2)": 0.9493662714958191}, "epoch_4": {"ls(x1)": 0.3424728810787201, "ls(T)": -0.36786195635795593, "ls(x2)": 0.9394347071647644}, "epoch_5": {"ls(x1)": 0.3522739112377167, "ls(T)": -0.35797616839408875, "ls(x2)": 0.9295473694801331}, "epoch_6": {"ls(x1)": 0.3619704842567444, "ls(T)": -0.34814754128456116, "ls(x2)": 0.9197163581848145}, "epoch_7": {"ls(x1)": 0.37153539061546326, "ls(T)": -0.33838918805122375, "ls(x2)": 0.9099545478820801}, "epoch_8": {"ls(x1)": 0.3809383511543274, "ls(T)": -0.32871511578559875, "ls(x2)": 0.900275707244873}, "epoch_9": {"ls(x1)": 0.3901459872722626, "ls(T)": -0.31914007663726807, "ls(x2)": 0.8906943798065186}, "epoch_10": {"ls(x1)": 0.3991217315196991, "ls(T)": -0.30967965722084045, "ls(x2)": 0.8812258243560791}, "epoch_11": {"ls(x1)": 0.4078257977962494, "ls(T)": -0.3003501296043396, "ls(x2)": 0.8718859553337097}, "epoch_12": {"ls(x1)": 0.4162153899669647, "ls(T)": -0.29116830229759216, "ls(x2)": 0.8626912832260132}, "epoch_13": {"ls(x1)": 0.42424505949020386, "ls(T)": -0.2821514904499054, "ls(x2)": 0.8536587953567505}, "epoch_14": {"ls(x1)": 0.43186715245246887, "ls(T)": -0.2733173370361328, "ls(x2)": 0.8448057174682617}, "epoch_15": {"ls(x1)": 0.43903255462646484, "ls(T)": -0.2646835744380951, "ls(x2)": 0.8361493945121765}, "epoch_16": {"ls(x1)": 0.44569167494773865, "ls(T)": -0.2562679052352905, "ls(x2)": 0.827707052230835}, "epoch_17": {"ls(x1)": 0.4517956078052521, "ls(T)": -0.24808765947818756, "ls(x2)": 0.819495677947998}, "epoch_18": {"ls(x1)": 0.4572974741458893, "ls(T)": -0.24015960097312927, "ls(x2)": 0.8115315437316895}, "epoch_19": {"ls(x1)": 0.46215397119522095, "ls(T)": -0.2324996292591095, "ls(x2)": 0.8038302063941956}, "epoch_20": {"ls(x1)": 0.4663267433643341, "ls(T)": -0.22512251138687134, "ls(x2)": 0.7964059710502625}, "epoch_21": {"ls(x1)": 0.4697839021682739, "ls(T)": -0.2180415540933609, "ls(x2)": 0.7892718315124512}, "epoch_22": {"ls(x1)": 0.4725010395050049, "ls(T)": -0.21126842498779297, "ls(x2)": 0.7824390530586243}, "epoch_23": {"ls(x1)": 0.47446221113204956, "ls(T)": -0.20481283962726593, "ls(x2)": 0.7759170532226562}, "epoch_24": {"ls(x1)": 0.4756603240966797, "ls(T)": -0.19868242740631104, "ls(x2)": 0.7697132229804993}, "epoch_25": {"ls(x1)": 0.47609710693359375, "ls(T)": -0.1928825080394745, "ls(x2)": 0.7638326287269592}, "epoch_26": {"ls(x1)": 0.4757827818393707, "ls(T)": -0.18741604685783386, "ls(x2)": 0.7582780718803406}, "epoch_27": {"ls(x1)": 0.4747353494167328, "ls(T)": -0.18228356540203094, "ls(x2)": 0.7530500292778015}, "epoch_28": {"ls(x1)": 0.4729795753955841, "ls(T)": -0.17748314142227173, "ls(x2)": 0.7481464147567749}, "epoch_29": {"ls(x1)": 0.4705459177494049, "ls(T)": -0.17301048338413239, "ls(x2)": 0.7435629963874817}, "epoch_30": {"ls(x1)": 0.4674692749977112, "ls(T)": -0.16885897517204285, "ls(x2)": 0.7392931580543518}, "epoch_31": {"ls(x1)": 0.46378791332244873, "ls(T)": -0.16501982510089874, "ls(x2)": 0.7353282570838928}, "epoch_32": {"ls(x1)": 0.4595423936843872, "ls(T)": -0.16148225963115692, "ls(x2)": 0.7316575646400452}, "epoch_33": {"ls(x1)": 0.4547746181488037, "ls(T)": -0.1582336723804474, "ls(x2)": 0.7282686829566956}, "epoch_34": {"ls(x1)": 0.4495270252227783, "ls(T)": -0.15525981783866882, "ls(x2)": 0.725147545337677}, "epoch_35": {"ls(x1)": 0.44384193420410156, "ls(T)": -0.15254506468772888, "ls(x2)": 0.7222787141799927}, "epoch_36": {"ls(x1)": 0.4377610683441162, "ls(T)": -0.1500726044178009, "ls(x2)": 0.7196456789970398}, "epoch_37": {"ls(x1)": 0.43132510781288147, "ls(T)": -0.14782465994358063, "ls(x2)": 0.7172308564186096}, "epoch_38": {"ls(x1)": 0.42457345128059387, "ls(T)": -0.1457827389240265, "ls(x2)": 0.7150160670280457}, "epoch_39": {"ls(x1)": 0.4175439476966858, "ls(T)": -0.14392779767513275, "ls(x2)": 0.7129825353622437}, "epoch_40": {"ls(x1)": 0.4102727770805359, "ls(T)": -0.1422404944896698, "ls(x2)": 0.7111111879348755}, "epoch_41": {"ls(x1)": 0.40279439091682434, "ls(T)": -0.14070138335227966, "ls(x2)": 0.7093828320503235}, "epoch_42": {"ls(x1)": 0.3951413631439209, "ls(T)": -0.13929107785224915, "ls(x2)": 0.7077783942222595}, "epoch_43": {"ls(x1)": 0.3873444199562073, "ls(T)": -0.13799044489860535, "ls(x2)": 0.7062789797782898}, "epoch_44": {"ls(x1)": 0.37943243980407715, "ls(T)": -0.1367807537317276, "ls(x2)": 0.7048661708831787}, "epoch_45": {"ls(x1)": 0.37143245339393616, "ls(T)": -0.1356438398361206, "ls(x2)": 0.7035220265388489}, "epoch_46": {"ls(x1)": 0.36336958408355713, "ls(T)": -0.13456223905086517, "ls(x2)": 0.702229380607605}, "epoch_47": {"ls(x1)": 0.35526713728904724, "ls(T)": -0.13351929187774658, "ls(x2)": 0.700971782207489}, "epoch_48": {"ls(x1)": 0.3471466302871704, "ls(T)": -0.13249926269054413, "ls(x2)": 0.6997336745262146}, "epoch_49": {"ls(x1)": 0.3390277028083801, "ls(T)": -0.1314874291419983, "ls(x2)": 0.6985006332397461}, "epoch_50": {"ls(x1)": 0.3309282660484314, "ls(T)": -0.1304701864719391, "ls(x2)": 0.697259247303009}}