{"epoch_1": {"shift_0": [[-0.17755933105945587]]}, "epoch_2": {"shift_0": [[-0.655391275882721]]}, "epoch_3": {"shift_0": [[-1.0680376291275024]]}, "epoch_4": {"shift_0": [[-1.2012290954589844]]}, "epoch_5": {"shift_0": [[-1.3102781772613525]]}, "epoch_6": {"shift_0": [[-1.2827590703964233]]}, "epoch_7": {"shift_0": [[-1.3093465566635132]]}, "epoch_8": {"shift_0": [[-1.3315954208374023]]}, "epoch_9": {"shift_0": [[-1.3149995803833008]]}, "epoch_10": {"shift_0": [[-1.3135130405426025]]}, "epoch_11": {"shift_0": [[-1.2972187995910645]]}, "epoch_12": {"shift_0": [[-1.2918130159378052]]}, "epoch_13": {"shift_0": [[-1.2225863933563232]]}, "epoch_14": {"shift_0": [[-1.1231187582015991]]}, "epoch_15": {"shift_0": [[-1.102800965309143]]}, "epoch_16": {"shift_0": [[-0.9587963819503784]]}, "epoch_17": {"shift_0": [[-1.0489376783370972]]}, "epoch_18": {"shift_0": [[-0.9107420444488525]]}, "epoch_19": {"shift_0": [[-0.8494976758956909]]}, "epoch_20": {"shift_0": [[-0.8369629979133606]]}, "epoch_21": {"shift_0": [[-0.7870469093322754]]}, "epoch_22": {"shift_0": [[-0.8283344507217407]]}, "epoch_23": {"shift_0": [[-0.8445494771003723]]}, "epoch_24": {"shift_0": [[-0.7464746832847595]]}, "epoch_25": {"shift_0": [[-0.7438587546348572]]}, "epoch_26": {"shift_0": [[-0.7451968789100647]]}, "epoch_27": {"shift_0": [[-0.7524042725563049]]}, "epoch_28": {"shift_0": [[-0.7332097887992859]]}, "epoch_29": {"shift_0": [[-0.7302719950675964]]}, "epoch_30": {"shift_0": [[-0.7311270236968994]]}, "epoch_31": {"shift_0": [[-0.6356890797615051]]}, "epoch_32": {"shift_0": [[-0.6376000642776489]]}, "epoch_33": {"shift_0": [[-0.6412581205368042]]}, "epoch_34": {"shift_0": [[-0.5840625762939453]]}, "epoch_35": {"shift_0": [[-0.5112555027008057]]}, "epoch_36": {"shift_0": [[-0.5347304940223694]]}, "epoch_37": {"shift_0": [[-0.36777687072753906]]}, "epoch_38": {"shift_0": [[-0.36670222878456116]]}, "epoch_39": {"shift_0": [[-0.315550833940506]]}, "epoch_40": {"shift_0": [[-0.23968644440174103]]}, "epoch_41": {"shift_0": [[-0.3603806793689728]]}, "epoch_42": {"shift_0": [[-0.23042769730091095]]}, "epoch_43": {"shift_0": [[-0.2455478012561798]]}, "epoch_44": {"shift_0": [[-0.11552650481462479]]}, "epoch_45": {"shift_0": [[-0.22662614285945892]]}, "epoch_46": {"shift_0": [[-0.15853485465049744]]}, "epoch_47": {"shift_0": [[-0.07408693432807922]]}, "epoch_48": {"shift_0": [[-0.11495065689086914]]}, "epoch_49": {"shift_0": [[-0.14890576899051666]]}, "epoch_50": {"shift_0": [[0.013141041621565819]]}, "epoch_51": {"shift_0": [[-0.11167021095752716]]}, "epoch_52": {"shift_0": [[-0.06024486944079399]]}, "epoch_53": {"shift_0": [[-0.025833433493971825]]}, "epoch_54": {"shift_0": [[-0.021404359489679337]]}, "epoch_55": {"shift_0": [[-0.0017435916233807802]]}, "epoch_56": {"shift_0": [[0.0035278776194900274]]}, "epoch_57": {"shift_0": [[-0.00633233180269599]]}, "epoch_58": {"shift_0": [[0.039863184094429016]]}, "epoch_59": {"shift_0": [[0.04140641167759895]]}, "epoch_60": {"shift_0": [[0.04410097375512123]]}, "epoch_61": {"shift_0": [[0.01786784641444683]]}, "epoch_62": {"shift_0": [[0.034672729671001434]]}, "epoch_63": {"shift_0": [[0.02570490911602974]]}, "epoch_64": {"shift_0": [[0.03733957186341286]]}, "epoch_65": {"shift_0": [[0.03359297290444374]]}, "epoch_66": {"shift_0": [[0.03518190234899521]]}, "epoch_67": {"shift_0": [[0.037284158170223236]]}, "epoch_68": {"shift_0": [[0.03941094130277634]]}, "epoch_69": {"shift_0": [[0.039981480687856674]]}, "epoch_70": {"shift_0": [[0.04003175348043442]]}, "epoch_71": {"shift_0": [[0.08304274827241898]]}, "epoch_72": {"shift_0": [[0.037468310445547104]]}, "epoch_73": {"shift_0": [[0.14643464982509613]]}, "epoch_74": {"shift_0": [[0.09053301066160202]]}, "epoch_75": {"shift_0": [[0.1855403333902359]]}, "epoch_76": {"shift_0": [[0.2541324198246002]]}, "epoch_77": {"shift_0": [[0.17930904030799866]]}, "epoch_78": {"shift_0": [[0.3123292922973633]]}, "epoch_79": {"shift_0": [[0.18709485232830048]]}, "epoch_80": {"shift_0": [[0.2811110317707062]]}, "epoch_81": {"shift_0": [[0.3418893814086914]]}, "epoch_82": {"shift_0": [[0.267116904258728]]}, "epoch_83": {"shift_0": [[0.4280322194099426]]}, "epoch_84": {"shift_0": [[0.25945839285850525]]}, "epoch_85": {"shift_0": [[0.3847292363643646]]}, "epoch_86": {"shift_0": [[0.4126838445663452]]}, "epoch_87": {"shift_0": [[0.3784421682357788]]}, "epoch_88": {"shift_0": [[0.4195411205291748]]}, "epoch_89": {"shift_0": [[0.4888674318790436]]}, "epoch_90": {"shift_0": [[0.40328842401504517]]}, "epoch_91": {"shift_0": [[0.5275861024856567]]}, "epoch_92": {"shift_0": [[0.43817007541656494]]}, "epoch_93": {"shift_0": [[0.4880498945713043]]}, "epoch_94": {"shift_0": [[0.4306909739971161]]}, "epoch_95": {"shift_0": [[0.5439704656600952]]}, "epoch_96": {"shift_0": [[0.391971617937088]]}, "epoch_97": {"shift_0": [[0.5932443737983704]]}, "epoch_98": {"shift_0": [[0.4669516086578369]]}, "epoch_99": {"shift_0": [[0.5683608651161194]]}, "epoch_100": {"shift_0": [[0.5779466032981873]]}}