{"epoch_1": {"shift_0": [[-0.5725224018096924]]}, "epoch_2": {"shift_0": [[-1.1678330898284912]]}, "epoch_3": {"shift_0": [[-1.5882598161697388]]}, "epoch_4": {"shift_0": [[-1.6616506576538086]]}, "epoch_5": {"shift_0": [[-1.6231366395950317]]}, "epoch_6": {"shift_0": [[-1.5088967084884644]]}, "epoch_7": {"shift_0": [[-1.368393063545227]]}, "epoch_8": {"shift_0": [[-1.306523323059082]]}, "epoch_9": {"shift_0": [[-1.2707242965698242]]}, "epoch_10": {"shift_0": [[-1.0415868759155273]]}, "epoch_11": {"shift_0": [[-0.9053453207015991]]}, "epoch_12": {"shift_0": [[-0.8979663252830505]]}, "epoch_13": {"shift_0": [[-0.8473802804946899]]}, "epoch_14": {"shift_0": [[-0.7376330494880676]]}, "epoch_15": {"shift_0": [[-0.6949971318244934]]}, "epoch_16": {"shift_0": [[-0.5916197299957275]]}, "epoch_17": {"shift_0": [[-0.4449117183685303]]}, "epoch_18": {"shift_0": [[-0.3711170256137848]]}, "epoch_19": {"shift_0": [[-0.2832064926624298]]}, "epoch_20": {"shift_0": [[-0.23237760365009308]]}, "epoch_21": {"shift_0": [[-0.22805194556713104]]}, "epoch_22": {"shift_0": [[-0.09860400855541229]]}, "epoch_23": {"shift_0": [[0.026781005784869194]]}, "epoch_24": {"shift_0": [[0.217437282204628]]}, "epoch_25": {"shift_0": [[0.014743720181286335]]}, "epoch_26": {"shift_0": [[0.16559787094593048]]}, "epoch_27": {"shift_0": [[0.29215365648269653]]}, "epoch_28": {"shift_0": [[0.3545544445514679]]}, "epoch_29": {"shift_0": [[0.39258262515068054]]}, "epoch_30": {"shift_0": [[0.533262312412262]]}, "epoch_31": {"shift_0": [[0.7208868861198425]]}, "epoch_32": {"shift_0": [[0.6646557450294495]]}, "epoch_33": {"shift_0": [[0.7182477116584778]]}, "epoch_34": {"shift_0": [[0.8583616614341736]]}, "epoch_35": {"shift_0": [[0.8990647196769714]]}, "epoch_36": {"shift_0": [[0.9558150768280029]]}, "epoch_37": {"shift_0": [[0.9331673383712769]]}, "epoch_38": {"shift_0": [[1.0919731855392456]]}, "epoch_39": {"shift_0": [[1.060966968536377]]}, "epoch_40": {"shift_0": [[1.1332292556762695]]}, "epoch_41": {"shift_0": [[1.167937994003296]]}, "epoch_42": {"shift_0": [[1.2455400228500366]]}, "epoch_43": {"shift_0": [[1.280147910118103]]}, "epoch_44": {"shift_0": [[1.2085713148117065]]}, "epoch_45": {"shift_0": [[1.3147697448730469]]}, "epoch_46": {"shift_0": [[1.4714299440383911]]}, "epoch_47": {"shift_0": [[1.4170385599136353]]}, "epoch_48": {"shift_0": [[1.4652674198150635]]}, "epoch_49": {"shift_0": [[1.5100446939468384]]}, "epoch_50": {"shift_0": [[1.5287232398986816]]}, "epoch_51": {"shift_0": [[1.5939886569976807]]}, "epoch_52": {"shift_0": [[1.4801421165466309]]}, "epoch_53": {"shift_0": [[1.5065919160842896]]}, "epoch_54": {"shift_0": [[1.6099849939346313]]}, "epoch_55": {"shift_0": [[1.6509324312210083]]}, "epoch_56": {"shift_0": [[1.6785880327224731]]}, "epoch_57": {"shift_0": [[1.613312840461731]]}, "epoch_58": {"shift_0": [[1.5945454835891724]]}, "epoch_59": {"shift_0": [[1.702112078666687]]}, "epoch_60": {"shift_0": [[1.6963437795639038]]}, "epoch_61": {"shift_0": [[1.734930396080017]]}, "epoch_62": {"shift_0": [[1.7785515785217285]]}, "epoch_63": {"shift_0": [[1.7143851518630981]]}, "epoch_64": {"shift_0": [[1.7851289510726929]]}, "epoch_65": {"shift_0": [[1.6350101232528687]]}, "epoch_66": {"shift_0": [[1.7884923219680786]]}, "epoch_67": {"shift_0": [[1.7741928100585938]]}, "epoch_68": {"shift_0": [[1.778984785079956]]}, "epoch_69": {"shift_0": [[1.7606967687606812]]}, "epoch_70": {"shift_0": [[1.8161308765411377]]}, "epoch_71": {"shift_0": [[1.8895492553710938]]}, "epoch_72": {"shift_0": [[1.8192439079284668]]}, "epoch_73": {"shift_0": [[1.8995939493179321]]}, "epoch_74": {"shift_0": [[1.9309700727462769]]}, "epoch_75": {"shift_0": [[1.9344371557235718]]}, "epoch_76": {"shift_0": [[1.9054125547409058]]}, "epoch_77": {"shift_0": [[1.781346321105957]]}, "epoch_78": {"shift_0": [[1.8380463123321533]]}, "epoch_79": {"shift_0": [[1.8790117502212524]]}, "epoch_80": {"shift_0": [[1.937056303024292]]}, "epoch_81": {"shift_0": [[1.9104413986206055]]}, "epoch_82": {"shift_0": [[1.9099968671798706]]}, "epoch_83": {"shift_0": [[1.9252229928970337]]}, "epoch_84": {"shift_0": [[1.9311414957046509]]}, "epoch_85": {"shift_0": [[1.9508776664733887]]}, "epoch_86": {"shift_0": [[1.924172043800354]]}, "epoch_87": {"shift_0": [[1.8218899965286255]]}, "epoch_88": {"shift_0": [[1.9120835065841675]]}, "epoch_89": {"shift_0": [[1.9435125589370728]]}, "epoch_90": {"shift_0": [[2.002291202545166]]}, "epoch_91": {"shift_0": [[1.811082124710083]]}, "epoch_92": {"shift_0": [[1.9107390642166138]]}, "epoch_93": {"shift_0": [[1.9177238941192627]]}, "epoch_94": {"shift_0": [[1.9050123691558838]]}, "epoch_95": {"shift_0": [[2.003121852874756]]}, "epoch_96": {"shift_0": [[1.856980800628662]]}, "epoch_97": {"shift_0": [[1.9801156520843506]]}, "epoch_98": {"shift_0": [[1.8142743110656738]]}, "epoch_99": {"shift_0": [[1.9548369646072388]]}, "epoch_100": {"shift_0": [[1.9074476957321167]]}}