{"epoch_1": {"ls(T)": -0.09340647608041763}, "epoch_2": {"ls(T)": 0.060393076390028}, "epoch_3": {"ls(T)": 0.03189565986394882}, "epoch_4": {"ls(T)": -0.002210365142673254}, "epoch_5": {"ls(T)": -0.025545326992869377}, "epoch_6": {"ls(T)": -0.04369955137372017}, "epoch_7": {"ls(T)": -0.05413571372628212}, "epoch_8": {"ls(T)": -0.06107836961746216}, "epoch_9": {"ls(T)": -0.06425680965185165}, "epoch_10": {"ls(T)": -0.06686794757843018}, "epoch_11": {"ls(T)": -0.061982784420251846}, "epoch_12": {"ls(T)": -0.057451605796813965}, "epoch_13": {"ls(T)": -0.05567029118537903}, "epoch_14": {"ls(T)": -0.046672724187374115}, "epoch_15": {"ls(T)": -0.0435883030295372}, "epoch_16": {"ls(T)": -0.029136791825294495}, "epoch_17": {"ls(T)": -0.021456588059663773}, "epoch_18": {"ls(T)": -0.005076246801763773}, "epoch_19": {"ls(T)": -0.0027537341229617596}, "epoch_20": {"ls(T)": 0.01137679535895586}, "epoch_21": {"ls(T)": 0.03389604389667511}, "epoch_22": {"ls(T)": 0.04056358337402344}, "epoch_23": {"ls(T)": 0.06934428215026855}, "epoch_24": {"ls(T)": 0.07337188720703125}, "epoch_25": {"ls(T)": 0.09441272914409637}, "epoch_26": {"ls(T)": 0.11843850463628769}, "epoch_27": {"ls(T)": 0.11690066754817963}, "epoch_28": {"ls(T)": 0.1332520842552185}, "epoch_29": {"ls(T)": 0.16465255618095398}, "epoch_30": {"ls(T)": 0.17435818910598755}, "epoch_31": {"ls(T)": 0.1922442615032196}, "epoch_32": {"ls(T)": 0.21702589094638824}, "epoch_33": {"ls(T)": 0.2453783005475998}, "epoch_34": {"ls(T)": 0.2527925372123718}, "epoch_35": {"ls(T)": 0.2920098900794983}, "epoch_36": {"ls(T)": 0.30442413687705994}, "epoch_37": {"ls(T)": 0.3448886573314667}, "epoch_38": {"ls(T)": 0.3361535668373108}, "epoch_39": {"ls(T)": 0.3806436061859131}, "epoch_40": {"ls(T)": 0.39448225498199463}, "epoch_41": {"ls(T)": 0.4106927514076233}, "epoch_42": {"ls(T)": 0.4566385746002197}, "epoch_43": {"ls(T)": 0.4917702078819275}, "epoch_44": {"ls(T)": 0.4854706823825836}, "epoch_45": {"ls(T)": 0.5140652656555176}, "epoch_46": {"ls(T)": 0.5512212514877319}, "epoch_47": {"ls(T)": 0.5556060671806335}, "epoch_48": {"ls(T)": 0.5855172872543335}, "epoch_49": {"ls(T)": 0.6159301996231079}, "epoch_50": {"ls(T)": 0.6447868347167969}, "epoch_51": {"ls(T)": 0.6631843447685242}, "epoch_52": {"ls(T)": 0.6810040473937988}, "epoch_53": {"ls(T)": 0.7216404676437378}, "epoch_54": {"ls(T)": 0.7483453750610352}, "epoch_55": {"ls(T)": 0.7990654110908508}, "epoch_56": {"ls(T)": 0.7968734502792358}, "epoch_57": {"ls(T)": 0.8440879583358765}, "epoch_58": {"ls(T)": 0.8658079504966736}, "epoch_59": {"ls(T)": 0.899961531162262}, "epoch_60": {"ls(T)": 0.9140960574150085}, "epoch_61": {"ls(T)": 0.9439869523048401}, "epoch_62": {"ls(T)": 1.0013072490692139}, "epoch_63": {"ls(T)": 1.0151113271713257}, "epoch_64": {"ls(T)": 1.0380289554595947}, "epoch_65": {"ls(T)": 1.0924490690231323}, "epoch_66": {"ls(T)": 1.0998015403747559}, "epoch_67": {"ls(T)": 1.1689742803573608}, "epoch_68": {"ls(T)": 1.1732137203216553}, "epoch_69": {"ls(T)": 1.1853153705596924}, "epoch_70": {"ls(T)": 1.2368484735488892}, "epoch_71": {"ls(T)": 1.2690504789352417}, "epoch_72": {"ls(T)": 1.305355429649353}, "epoch_73": {"ls(T)": 1.3497765064239502}, "epoch_74": {"ls(T)": 1.3601752519607544}, "epoch_75": {"ls(T)": 1.388389229774475}, "epoch_76": {"ls(T)": 1.4349348545074463}, "epoch_77": {"ls(T)": 1.4703620672225952}, "epoch_78": {"ls(T)": 1.4832592010498047}, "epoch_79": {"ls(T)": 1.519147276878357}, "epoch_80": {"ls(T)": 1.5426092147827148}, "epoch_81": {"ls(T)": 1.569993257522583}, "epoch_82": {"ls(T)": 1.6185990571975708}, "epoch_83": {"ls(T)": 1.6270899772644043}, "epoch_84": {"ls(T)": 1.6731534004211426}, "epoch_85": {"ls(T)": 1.6887447834014893}, "epoch_86": {"ls(T)": 1.7093721628189087}, "epoch_87": {"ls(T)": 1.7505531311035156}, "epoch_88": {"ls(T)": 1.7814748287200928}, "epoch_89": {"ls(T)": 1.8227661848068237}, "epoch_90": {"ls(T)": 1.8430618047714233}, "epoch_91": {"ls(T)": 1.8887385129928589}, "epoch_92": {"ls(T)": 1.917991042137146}, "epoch_93": {"ls(T)": 1.9335615634918213}, "epoch_94": {"ls(T)": 1.9729667901992798}, "epoch_95": {"ls(T)": 2.0031659603118896}, "epoch_96": {"ls(T)": 2.0462658405303955}, "epoch_97": {"ls(T)": 2.0612428188323975}, "epoch_98": {"ls(T)": 2.059753656387329}, "epoch_99": {"ls(T)": 2.105027437210083}, "epoch_100": {"ls(T)": 2.167755365371704}, "epoch_101": {"ls(T)": 2.187070369720459}, "epoch_102": {"ls(T)": 2.212677001953125}, "epoch_103": {"ls(T)": 2.2497589588165283}, "epoch_104": {"ls(T)": 2.268669366836548}, "epoch_105": {"ls(T)": 2.3087403774261475}, "epoch_106": {"ls(T)": 2.3343331813812256}, "epoch_107": {"ls(T)": 2.3920512199401855}, "epoch_108": {"ls(T)": 2.378257989883423}, "epoch_109": {"ls(T)": 2.433814287185669}, "epoch_110": {"ls(T)": 2.443178653717041}, "epoch_111": {"ls(T)": 2.471564531326294}, "epoch_112": {"ls(T)": 2.517634391784668}, "epoch_113": {"ls(T)": 2.5648229122161865}, "epoch_114": {"ls(T)": 2.5641722679138184}, "epoch_115": {"ls(T)": 2.6046745777130127}, "epoch_116": {"ls(T)": 2.6134939193725586}, "epoch_117": {"ls(T)": 2.660209894180298}, "epoch_118": {"ls(T)": 2.7073333263397217}, "epoch_119": {"ls(T)": 2.704547882080078}, "epoch_120": {"ls(T)": 2.7317562103271484}, "epoch_121": {"ls(T)": 2.776340961456299}, "epoch_122": {"ls(T)": 2.8092379570007324}, "epoch_123": {"ls(T)": 2.8248589038848877}, "epoch_124": {"ls(T)": 2.832695245742798}, "epoch_125": {"ls(T)": 2.8804192543029785}, "epoch_126": {"ls(T)": 2.9183058738708496}, "epoch_127": {"ls(T)": 2.924753427505493}, "epoch_128": {"ls(T)": 2.974299907684326}, "epoch_129": {"ls(T)": 2.995896577835083}, "epoch_130": {"ls(T)": 3.0302228927612305}, "epoch_131": {"ls(T)": 3.0395827293395996}, "epoch_132": {"ls(T)": 3.0808329582214355}, "epoch_133": {"ls(T)": 3.119253635406494}, "epoch_134": {"ls(T)": 3.168494939804077}, "epoch_135": {"ls(T)": 3.168975830078125}, "epoch_136": {"ls(T)": 3.182447671890259}, "epoch_137": {"ls(T)": 3.2168619632720947}, "epoch_138": {"ls(T)": 3.2771899700164795}, "epoch_139": {"ls(T)": 3.301948308944702}, "epoch_140": {"ls(T)": 3.3000786304473877}, "epoch_141": {"ls(T)": 3.3260369300842285}, "epoch_142": {"ls(T)": 3.3693861961364746}, "epoch_143": {"ls(T)": 3.423118829727173}, "epoch_144": {"ls(T)": 3.4337387084960938}, "epoch_145": {"ls(T)": 3.444380283355713}, "epoch_146": {"ls(T)": 3.4541239738464355}, "epoch_147": {"ls(T)": 3.4822099208831787}, "epoch_148": {"ls(T)": 3.5267984867095947}, "epoch_149": {"ls(T)": 3.5736844539642334}, "epoch_150": {"ls(T)": 3.5809574127197266}, "epoch_151": {"ls(T)": 3.6047849655151367}, "epoch_152": {"ls(T)": 3.6693801879882812}, "epoch_153": {"ls(T)": 3.647390604019165}, "epoch_154": {"ls(T)": 3.7081565856933594}, "epoch_155": {"ls(T)": 3.7458913326263428}, "epoch_156": {"ls(T)": 3.747624397277832}, "epoch_157": {"ls(T)": 3.766923666000366}, "epoch_158": {"ls(T)": 3.813211441040039}, "epoch_159": {"ls(T)": 3.8273541927337646}, "epoch_160": {"ls(T)": 3.8476722240448}, "epoch_161": {"ls(T)": 3.8871655464172363}, "epoch_162": {"ls(T)": 3.881288766860962}, "epoch_163": {"ls(T)": 3.9233663082122803}, "epoch_164": {"ls(T)": 3.974702835083008}, "epoch_165": {"ls(T)": 4.026160717010498}, "epoch_166": {"ls(T)": 4.012319087982178}, "epoch_167": {"ls(T)": 4.052868366241455}, "epoch_168": {"ls(T)": 4.057687282562256}, "epoch_169": {"ls(T)": 4.1106181144714355}, "epoch_170": {"ls(T)": 4.1378397941589355}, "epoch_171": {"ls(T)": 4.155699253082275}, "epoch_172": {"ls(T)": 4.201931476593018}, "epoch_173": {"ls(T)": 4.209885597229004}, "epoch_174": {"ls(T)": 4.232730865478516}, "epoch_175": {"ls(T)": 4.262646675109863}, "epoch_176": {"ls(T)": 4.2864484786987305}, "epoch_177": {"ls(T)": 4.322727203369141}, "epoch_178": {"ls(T)": 4.368374347686768}, "epoch_179": {"ls(T)": 4.361194610595703}, "epoch_180": {"ls(T)": 4.3915581703186035}, "epoch_181": {"ls(T)": 4.440310478210449}, "epoch_182": {"ls(T)": 4.481220722198486}, "epoch_183": {"ls(T)": 4.460986137390137}, "epoch_184": {"ls(T)": 4.497371673583984},