{"epoch_1": {"shift_0": [[-1.2615251541137695]]}, "epoch_2": {"shift_0": [[-0.6662680506706238]]}, "epoch_3": {"shift_0": [[-0.26056498289108276]]}, "epoch_4": {"shift_0": [[-0.011959359981119633]]}, "epoch_5": {"shift_0": [[0.09172701835632324]]}, "epoch_6": {"shift_0": [[0.35604894161224365]]}, "epoch_7": {"shift_0": [[0.6076939702033997]]}, "epoch_8": {"shift_0": [[0.7465324401855469]]}, "epoch_9": {"shift_0": [[0.6426851153373718]]}, "epoch_10": {"shift_0": [[0.6988809704780579]]}, "epoch_11": {"shift_0": [[0.6607525944709778]]}, "epoch_12": {"shift_0": [[0.8312599658966064]]}, "epoch_13": {"shift_0": [[0.7342751026153564]]}, "epoch_14": {"shift_0": [[0.9001748561859131]]}, "epoch_15": {"shift_0": [[1.1343705654144287]]}, "epoch_16": {"shift_0": [[0.9086630344390869]]}, "epoch_17": {"shift_0": [[1.1261227130889893]]}, "epoch_18": {"shift_0": [[1.1057441234588623]]}, "epoch_19": {"shift_0": [[0.9157553911209106]]}, "epoch_20": {"shift_0": [[0.9820390343666077]]}, "epoch_21": {"shift_0": [[0.9879841804504395]]}, "epoch_22": {"shift_0": [[0.8992840051651001]]}, "epoch_23": {"shift_0": [[1.4403623342514038]]}, "epoch_24": {"shift_0": [[1.1073566675186157]]}, "epoch_25": {"shift_0": [[1.0326542854309082]]}, "epoch_26": {"shift_0": [[1.1559101343154907]]}, "epoch_27": {"shift_0": [[1.1907764673233032]]}, "epoch_28": {"shift_0": [[1.1217231750488281]]}, "epoch_29": {"shift_0": [[1.0788414478302002]]}, "epoch_30": {"shift_0": [[1.117701530456543]]}, "epoch_31": {"shift_0": [[1.15104079246521]]}, "epoch_32": {"shift_0": [[1.2381759881973267]]}, "epoch_33": {"shift_0": [[0.9827201962471008]]}, "epoch_34": {"shift_0": [[1.2031960487365723]]}, "epoch_35": {"shift_0": [[1.1903772354125977]]}, "epoch_36": {"shift_0": [[1.1820521354675293]]}, "epoch_37": {"shift_0": [[1.2439707517623901]]}, "epoch_38": {"shift_0": [[1.2466343641281128]]}, "epoch_39": {"shift_0": [[1.34751296043396]]}, "epoch_40": {"shift_0": [[1.2858597040176392]]}, "epoch_41": {"shift_0": [[1.3089487552642822]]}, "epoch_42": {"shift_0": [[1.0731192827224731]]}, "epoch_43": {"shift_0": [[1.2878516912460327]]}, "epoch_44": {"shift_0": [[1.1381791830062866]]}, "epoch_45": {"shift_0": [[1.1514991521835327]]}, "epoch_46": {"shift_0": [[1.1704237461090088]]}, "epoch_47": {"shift_0": [[1.2212461233139038]]}, "epoch_48": {"shift_0": [[1.2313151359558105]]}, "epoch_49": {"shift_0": [[1.1345696449279785]]}, "epoch_50": {"shift_0": [[1.2123756408691406]]}, "epoch_51": {"shift_0": [[1.1398496627807617]]}, "epoch_52": {"shift_0": [[1.2782953977584839]]}, "epoch_53": {"shift_0": [[1.1310927867889404]]}, "epoch_54": {"shift_0": [[1.4404047727584839]]}, "epoch_55": {"shift_0": [[1.1252306699752808]]}, "epoch_56": {"shift_0": [[1.2869330644607544]]}, "epoch_57": {"shift_0": [[1.4538071155548096]]}, "epoch_58": {"shift_0": [[1.2615360021591187]]}, "epoch_59": {"shift_0": [[1.1221338510513306]]}, "epoch_60": {"shift_0": [[1.2973712682724]]}, "epoch_61": {"shift_0": [[1.2545784711837769]]}, "epoch_62": {"shift_0": [[1.0590777397155762]]}, "epoch_63": {"shift_0": [[1.1855741739273071]]}, "epoch_64": {"shift_0": [[1.1757862567901611]]}, "epoch_65": {"shift_0": [[1.181199073791504]]}, "epoch_66": {"shift_0": [[1.2519911527633667]]}, "epoch_67": {"shift_0": [[1.3929206132888794]]}, "epoch_68": {"shift_0": [[1.3271541595458984]]}, "epoch_69": {"shift_0": [[1.4761816263198853]]}, "epoch_70": {"shift_0": [[1.3555114269256592]]}, "epoch_71": {"shift_0": [[1.414831519126892]]}, "epoch_72": {"shift_0": [[1.3552460670471191]]}, "epoch_73": {"shift_0": [[1.4725183248519897]]}, "epoch_74": {"shift_0": [[1.3838281631469727]]}, "epoch_75": {"shift_0": [[1.293868899345398]]}, "epoch_76": {"shift_0": [[1.3720922470092773]]}, "epoch_77": {"shift_0": [[1.3091477155685425]]}, "epoch_78": {"shift_0": [[1.1827133893966675]]}, "epoch_79": {"shift_0": [[1.3226338624954224]]}, "epoch_80": {"shift_0": [[1.408318042755127]]}, "epoch_81": {"shift_0": [[1.4101488590240479]]}, "epoch_82": {"shift_0": [[1.3872934579849243]]}, "epoch_83": {"shift_0": [[1.4248958826065063]]}, "epoch_84": {"shift_0": [[1.3376696109771729]]}, "epoch_85": {"shift_0": [[1.0741411447525024]]}, "epoch_86": {"shift_0": [[1.5009678602218628]]}, "epoch_87": {"shift_0": [[1.3013297319412231]]}, "epoch_88": {"shift_0": [[1.3066049814224243]]}, "epoch_89": {"shift_0": [[1.1873126029968262]]}, "epoch_90": {"shift_0": [[1.1806702613830566]]}, "epoch_91": {"shift_0": [[1.3554353713989258]]}, "epoch_92": {"shift_0": [[1.280867576599121]]}, "epoch_93": {"shift_0": [[1.2884318828582764]]}, "epoch_94": {"shift_0": [[1.2971649169921875]]}, "epoch_95": {"shift_0": [[1.335567831993103]]}, "epoch_96": {"shift_0": [[1.1574264764785767]]}, "epoch_97": {"shift_0": [[1.5104342699050903]]}, "epoch_98": {"shift_0": [[1.4208366870880127]]}, "epoch_99": {"shift_0": [[1.2252362966537476]]}, "epoch_100": {"shift_0": [[1.379941463470459]]}}