{"epoch_1": {"ls(T)": 0.04610896855592728}, "epoch_2": {"ls(T)": 0.05608543008565903}, "epoch_3": {"ls(T)": 0.06602006405591965}, "epoch_4": {"ls(T)": 0.07589244097471237}, "epoch_5": {"ls(T)": 0.08567983657121658}, "epoch_6": {"ls(T)": 0.09535713493824005}, "epoch_7": {"ls(T)": 0.10489676892757416}, "epoch_8": {"ls(T)": 0.11426874995231628}, "epoch_9": {"ls(T)": 0.12344078719615936}, "epoch_10": {"ls(T)": 0.13237854838371277}, "epoch_11": {"ls(T)": 0.14104600250720978}, "epoch_12": {"ls(T)": 0.14940597116947174}, "epoch_13": {"ls(T)": 0.15742069482803345}, "epoch_14": {"ls(T)": 0.16505254805088043}, "epoch_15": {"ls(T)": 0.17226481437683105}, "epoch_16": {"ls(T)": 0.17902259528636932}, "epoch_17": {"ls(T)": 0.18529368937015533}, "epoch_18": {"ls(T)": 0.19104962050914764}, "epoch_19": {"ls(T)": 0.19626647233963013}, "epoch_20": {"ls(T)": 0.2009257674217224}, "epoch_21": {"ls(T)": 0.20501506328582764}, "epoch_22": {"ls(T)": 0.20852841436862946}, "epoch_23": {"ls(T)": 0.21146655082702637}, "epoch_24": {"ls(T)": 0.2138368785381317}, "epoch_25": {"ls(T)": 0.21565313637256622}, "epoch_26": {"ls(T)": 0.21693500876426697}, "epoch_27": {"ls(T)": 0.21770748496055603}, "epoch_28": {"ls(T)": 0.21800017356872559}, "epoch_29": {"ls(T)": 0.2178465574979782}, "epoch_30": {"ls(T)": 0.2172832489013672}, "epoch_31": {"ls(T)": 0.216349259018898}, "epoch_32": {"ls(T)": 0.21508531272411346}, "epoch_33": {"ls(T)": 0.2135332226753235}, "epoch_34": {"ls(T)": 0.2117352932691574}, "epoch_35": {"ls(T)": 0.20973379909992218}, "epoch_36": {"ls(T)": 0.20757049322128296}, "epoch_37": {"ls(T)": 0.2052862048149109}, "epoch_38": {"ls(T)": 0.20292039215564728}, "epoch_39": {"ls(T)": 0.20051081478595734}, "epoch_40": {"ls(T)": 0.19809314608573914}, "epoch_41": {"ls(T)": 0.19570069015026093}, "epoch_42": {"ls(T)": 0.19336408376693726}, "epoch_43": {"ls(T)": 0.1911110281944275}, "epoch_44": {"ls(T)": 0.18896611034870148}, "epoch_45": {"ls(T)": 0.18695059418678284}, "epoch_46": {"ls(T)": 0.18508228659629822}, "epoch_47": {"ls(T)": 0.1833755075931549}, "epoch_48": {"ls(T)": 0.18184101581573486}, "epoch_49": {"ls(T)": 0.1804860681295395}, "epoch_50": {"ls(T)": 0.1793145090341568}}