{"epoch_1": {"shift_0": [[-1.9122838973999023]], "shift_1": [[0.25179722905158997]]}, "epoch_2": {"shift_0": [[-1.726522445678711]], "shift_1": [[0.27377310395240784]]}, "epoch_3": {"shift_0": [[-1.7142783403396606]], "shift_1": [[0.18765735626220703]]}, "epoch_4": {"shift_0": [[-1.5810909271240234]], "shift_1": [[0.24949918687343597]]}, "epoch_5": {"shift_0": [[-1.5856260061264038]], "shift_1": [[0.27091777324676514]]}, "epoch_6": {"shift_0": [[-1.3941866159439087]], "shift_1": [[0.26330557465553284]]}, "epoch_7": {"shift_0": [[-1.1242793798446655]], "shift_1": [[0.4665187895298004]]}, "epoch_8": {"shift_0": [[-1.1621503829956055]], "shift_1": [[0.22537896037101746]]}, "epoch_9": {"shift_0": [[-1.110463261604309]], "shift_1": [[0.2526205778121948]]}, "epoch_10": {"shift_0": [[-1.1036580801010132]], "shift_1": [[0.27703148126602173]]}, "epoch_11": {"shift_0": [[-0.97503662109375]], "shift_1": [[0.2651650011539459]]}, "epoch_12": {"shift_0": [[-0.8492575287818909]], "shift_1": [[0.22046755254268646]]}, "epoch_13": {"shift_0": [[-0.8189540505409241]], "shift_1": [[0.16980977356433868]]}, "epoch_14": {"shift_0": [[-0.8568196892738342]], "shift_1": [[0.20926499366760254]]}, "epoch_15": {"shift_0": [[-0.856861412525177]], "shift_1": [[0.2917482554912567]]}, "epoch_16": {"shift_0": [[-0.9860197901725769]], "shift_1": [[0.260004460811615]]}, "epoch_17": {"shift_0": [[-0.7324884533882141]], "shift_1": [[0.18611383438110352]]}, "epoch_18": {"shift_0": [[-0.7536625862121582]], "shift_1": [[0.24870602786540985]]}, "epoch_19": {"shift_0": [[-0.7035166025161743]], "shift_1": [[0.2463802844285965]]}, "epoch_20": {"shift_0": [[-0.7150076627731323]], "shift_1": [[0.2532937526702881]]}, "epoch_21": {"shift_0": [[-0.6479650139808655]], "shift_1": [[0.17855434119701385]]}, "epoch_22": {"shift_0": [[-0.6596779823303223]], "shift_1": [[0.25752338767051697]]}, "epoch_23": {"shift_0": [[-0.6200742125511169]], "shift_1": [[0.20109374821186066]]}, "epoch_24": {"shift_0": [[-0.6566410660743713]], "shift_1": [[0.21767741441726685]]}, "epoch_25": {"shift_0": [[-0.6229391694068909]], "shift_1": [[0.28955987095832825]]}, "epoch_26": {"shift_0": [[-0.7017443180084229]], "shift_1": [[0.23717184364795685]]}, "epoch_27": {"shift_0": [[-0.5804901123046875]], "shift_1": [[0.34800419211387634]]}, "epoch_28": {"shift_0": [[-0.6359128355979919]], "shift_1": [[0.3968912363052368]]}, "epoch_29": {"shift_0": [[-0.5653480887413025]], "shift_1": [[0.2770785987377167]]}, "epoch_30": {"shift_0": [[-0.6136999130249023]], "shift_1": [[0.29592594504356384]]}, "epoch_31": {"shift_0": [[-0.6010691523551941]], "shift_1": [[0.2951815724372864]]}, "epoch_32": {"shift_0": [[-0.6520344614982605]], "shift_1": [[0.2321065068244934]]}, "epoch_33": {"shift_0": [[-0.5328769087791443]], "shift_1": [[0.30202239751815796]]}, "epoch_34": {"shift_0": [[-0.4839392602443695]], "shift_1": [[0.28676220774650574]]}, "epoch_35": {"shift_0": [[-0.5178713798522949]], "shift_1": [[0.2622073292732239]]}, "epoch_36": {"shift_0": [[-0.5375284552574158]], "shift_1": [[0.3072217106819153]]}, "epoch_37": {"shift_0": [[-0.49019885063171387]], "shift_1": [[0.22602178156375885]]}, "epoch_38": {"shift_0": [[-0.5366373658180237]], "shift_1": [[0.3632205128669739]]}, "epoch_39": {"shift_0": [[-0.5504379868507385]], "shift_1": [[0.26098164916038513]]}, "epoch_40": {"shift_0": [[-0.5544328093528748]], "shift_1": [[0.2994360625743866]]}, "epoch_41": {"shift_0": [[-0.5618923902511597]], "shift_1": [[0.27375730872154236]]}, "epoch_42": {"shift_0": [[-0.5772916078567505]], "shift_1": [[0.2687852382659912]]}, "epoch_43": {"shift_0": [[-0.4927181601524353]], "shift_1": [[0.2107924222946167]]}, "epoch_44": {"shift_0": [[-0.5266472697257996]], "shift_1": [[0.3180370628833771]]}, "epoch_45": {"shift_0": [[-0.49523526430130005]], "shift_1": [[0.2722025513648987]]}, "epoch_46": {"shift_0": [[-0.5406581163406372]], "shift_1": [[0.2926981449127197]]}, "epoch_47": {"shift_0": [[-0.4899069368839264]], "shift_1": [[0.2831549346446991]]}, "epoch_48": {"shift_0": [[-0.6295982599258423]], "shift_1": [[0.21809503436088562]]}, "epoch_49": {"shift_0": [[-0.470970094203949]], "shift_1": [[0.2636791467666626]]}, "epoch_50": {"shift_0": [[-0.4586399793624878]], "shift_1": [[0.26196882128715515]]}, "epoch_51": {"shift_0": [[-0.38044047355651855]], "shift_1": [[0.28363940119743347]]}, "epoch_52": {"shift_0": [[-0.571484386920929]], "shift_1": [[0.29011204838752747]]}, "epoch_53": {"shift_0": [[-0.5225919485092163]], "shift_1": [[0.30861398577690125]]}, "epoch_54": {"shift_0": [[-0.5064364671707153]], "shift_1": [[0.24282413721084595]]}, "epoch_55": {"shift_0": [[-0.4731598198413849]], "shift_1": [[0.2713932991027832]]}, "epoch_56": {"shift_0": [[-0.5826398730278015]], "shift_1": [[0.4484217166900635]]}, "epoch_57": {"shift_0": [[-0.4255205988883972]], "shift_1": [[0.2612444758415222]]}, "epoch_58": {"shift_0": [[-0.5201500654220581]], "shift_1": [[0.2401251196861267]]}, "epoch_59": {"shift_0": [[-0.4990547299385071]], "shift_1": [[0.314888596534729]]}, "epoch_60": {"shift_0": [[-0.4677422046661377]], "shift_1": [[0.294327050447464]]}, "epoch_61": {"shift_0": [[-0.50608891248703]], "shift_1": [[0.444995641708374]]}, "epoch_62": {"shift_0": [[-0.45860931277275085]], "shift_1": [[0.32127851247787476]]}, "epoch_63": {"shift_0": [[-0.5437821745872498]], "shift_1": [[0.30385953187942505]]}, "epoch_64": {"shift_0": [[-0.47398239374160767]], "shift_1": [[0.2732286751270294]]}, "epoch_65": {"shift_0": [[-0.47760099172592163]], "shift_1": [[0.27375662326812744]]}, "epoch_66": {"shift_0": [[-0.4895651340484619]], "shift_1": [[0.26345497369766235]]}, "epoch_67": {"shift_0": [[-0.3511132001876831]], "shift_1": [[0.24999825656414032]]}, "epoch_68": {"shift_0": [[-0.5764949917793274]], "shift_1": [[0.38345080614089966]]}, "epoch_69": {"shift_0": [[-0.4437447786331177]], "shift_1": [[0.29923394322395325]]}, "epoch_70": {"shift_0": [[-0.5085530877113342]], "shift_1": [[0.30731070041656494]]}, "epoch_71": {"shift_0": [[-0.4822223484516144]], "shift_1": [[0.10384625196456909]]}, "epoch_72": {"shift_0": [[-0.4339629113674164]], "shift_1": [[0.303585410118103]]}, "epoch_73": {"shift_0": [[-0.508878231048584]], "shift_1": [[0.2933610677719116]]}, "epoch_74": {"shift_0": [[-0.47716453671455383]], "shift_1": [[0.3198282718658447]]}, "epoch_75": {"shift_0": [[-0.476839154958725]], "shift_1": [[0.3050539493560791]]}, "epoch_76": {"shift_0": [[-0.5811731815338135]], "shift_1": [[0.19237573444843292]]}, "epoch_77": {"shift_0": [[-0.6416500210762024]], "shift_1": [[0.2104668766260147]]}, "epoch_78": {"shift_0": [[-0.45524051785469055]], "shift_1": [[0.3097536563873291]]}, "epoch_79": {"shift_0": [[-0.4719110131263733]], "shift_1": [[0.35982486605644226]]}, "epoch_80": {"shift_0": [[-0.4655463993549347]], "shift_1": [[0.28602614998817444]]}, "epoch_81": {"shift_0": [[-0.5610949993133545]], "shift_1": [[0.05211532860994339]]}, "epoch_82": {"shift_0": [[-0.3440535068511963]], "shift_1": [[0.26139286160469055]]}, "epoch_83": {"shift_0": [[-0.46513262391090393]], "shift_1": [[0.252088338136673]]}, "epoch_84": {"shift_0": [[-0.44946035742759705]], "shift_1": [[0.30730265378952026]]}, "epoch_85": {"shift_0": [[-0.45944055914878845]], "shift_1": [[0.3000966012477875]]}, "epoch_86": {"shift_0": [[-0.4538280963897705]], "shift_1": [[0.3692832589149475]]}, "epoch_87": {"shift_0": [[-0.4142448306083679]], "shift_1": [[0.37888672947883606]]}, "epoch_88": {"shift_0": [[-0.4571021497249603]], "shift_1": [[0.31610390543937683]]}, "epoch_89": {"shift_0": [[-0.4754251539707184]], "shift_1": [[0.30304157733917236]]}, "epoch_90": {"shift_0": [[-0.4432399570941925]], "shift_1": [[0.2740095257759094]]}, "epoch_91": {"shift_0": [[-0.3437761068344116]], "shift_1": [[0.4990321695804596]]}, "epoch_92": {"shift_0": [[-0.5639704465866089]], "shift_1": [[0.3523372709751129]]}, "epoch_93": {"shift_0": [[-0.524274468421936]], "shift_1": [[0.19339939951896667]]}, "epoch_94": {"shift_0": [[-0.47780147194862366]],