{
    "x1": [
        0.1011023620131416,
        1.8981037629682627
    ],
    "T": [
        0.0,
        1.0
    ],
    "x2": [
        -1.1551363499350709,
        0.054431226446038865
    ],
    "y": [
        0.677131022357436,
        7.691154789313695
    ]
}