{"epoch_1": {"ls(x1)": -0.1391894370317459, "ls(T)": -0.2986190617084503, "ls(x2)": -0.08559393137693405}, "epoch_2": {"ls(x1)": -0.4056537449359894, "ls(T)": -0.34299883246421814, "ls(x2)": -0.055113550275564194}, "epoch_3": {"ls(x1)": -0.6752824783325195, "ls(T)": -0.38909828662872314, "ls(x2)": -0.036637160927057266}, "epoch_4": {"ls(x1)": -0.9297713041305542, "ls(T)": -0.45253533124923706, "ls(x2)": -0.01776333525776863}, "epoch_5": {"ls(x1)": -1.1645563840866089, "ls(T)": -0.531825602054596, "ls(x2)": -0.0024372038897126913}, "epoch_6": {"ls(x1)": -1.3822344541549683, "ls(T)": -0.6232059001922607, "ls(x2)": 0.004399835132062435}, "epoch_7": {"ls(x1)": -1.5866659879684448, "ls(T)": -0.7284606695175171, "ls(x2)": 0.00294459518045187}, "epoch_8": {"ls(x1)": -1.7807589769363403, "ls(T)": -0.8485931158065796, "ls(x2)": -0.006770528852939606}, "epoch_9": {"ls(x1)": -1.969489336013794, "ls(T)": -0.9774860143661499, "ls(x2)": -0.03106696531176567}, "epoch_10": {"ls(x1)": -2.149062395095825, "ls(T)": -1.122266411781311, "ls(x2)": -0.062432460486888885}, "epoch_11": {"ls(x1)": -2.326561450958252, "ls(T)": -1.275929570198059, "ls(x2)": -0.10637760907411575}, "epoch_12": {"ls(x1)": -2.4991376399993896, "ls(T)": -1.4422770738601685, "ls(x2)": -0.16109569370746613}, "epoch_13": {"ls(x1)": -2.6681063175201416, "ls(T)": -1.6157662868499756, "ls(x2)": -0.23002241551876068}, "epoch_14": {"ls(x1)": -2.8303465843200684, "ls(T)": -1.8006104230880737, "ls(x2)": -0.30834370851516724}, "epoch_15": {"ls(x1)": -2.9975926876068115, "ls(T)": -1.9978370666503906, "ls(x2)": -0.3932969570159912}, "epoch_16": {"ls(x1)": -3.1554031372070312, "ls(T)": -2.19966721534729, "ls(x2)": -0.4919559359550476}, "epoch_17": {"ls(x1)": -3.313579559326172, "ls(T)": -2.414720058441162, "ls(x2)": -0.593872606754303}, "epoch_18": {"ls(x1)": -3.4710419178009033, "ls(T)": -2.6385583877563477, "ls(x2)": -0.7054039239883423}, "epoch_19": {"ls(x1)": -3.6282708644866943, "ls(T)": -2.867155075073242, "ls(x2)": -0.8231933116912842}, "epoch_20": {"ls(x1)": -3.7852234840393066, "ls(T)": -3.0993285179138184, "ls(x2)": -0.9505060911178589}, "epoch_21": {"ls(x1)": -3.9415531158447266, "ls(T)": -3.3395133018493652, "ls(x2)": -1.0814967155456543}, "epoch_22": {"ls(x1)": -4.094537734985352, "ls(T)": -3.5827972888946533, "ls(x2)": -1.2182027101516724}, "epoch_23": {"ls(x1)": -4.248887062072754, "ls(T)": -3.8338019847869873, "ls(x2)": -1.3561553955078125}, "epoch_24": {"ls(x1)": -4.403337478637695, "ls(T)": -4.088184833526611, "ls(x2)": -1.4969550371170044}, "epoch_25": {"ls(x1)": -4.561509132385254, "ls(T)": -4.338066101074219, "ls(x2)": -1.6490049362182617}, "epoch_26": {"ls(x1)": -4.71427583694458, "ls(T)": -4.595963954925537, "ls(x2)": -1.7945479154586792}, "epoch_27": {"ls(x1)": -4.863027095794678, "ls(T)": -4.853321075439453, "ls(x2)": -1.9452928304672241}, "epoch_28": {"ls(x1)": -5.021717071533203, "ls(T)": -5.117397785186768, "ls(x2)": -2.092351198196411}, "epoch_29": {"ls(x1)": -5.175121307373047, "ls(T)": -5.374939918518066, "ls(x2)": -2.2458436489105225}, "epoch_30": {"ls(x1)": -5.331507682800293, "ls(T)": -5.636157035827637, "ls(x2)": -2.39597487449646}, "epoch_31": {"ls(x1)": -5.484818458557129, "ls(T)": -5.89631986618042, "ls(x2)": -2.5457193851470947}, "epoch_32": {"ls(x1)": -5.644035339355469, "ls(T)": -6.1616973876953125, "ls(x2)": -2.688551425933838}, "epoch_33": {"ls(x1)": -5.801822185516357, "ls(T)": -6.418374538421631, "ls(x2)": -2.839972496032715}, "epoch_34": {"ls(x1)": -5.9536519050598145, "ls(T)": -6.678757667541504, "ls(x2)": -2.9841630458831787}, "epoch_35": {"ls(x1)": -6.114447593688965, "ls(T)": -6.929927349090576, "ls(x2)": -3.1389718055725098}, "epoch_36": {"ls(x1)": -6.277515888214111, "ls(T)": -7.196737766265869, "ls(x2)": -3.270537853240967}, "epoch_37": {"ls(x1)": -6.432268142700195, "ls(T)": -7.445444583892822, "ls(x2)": -3.422189235687256}, "epoch_38": {"ls(x1)": -6.595766544342041, "ls(T)": -7.703527450561523, "ls(x2)": -3.557671546936035}, "epoch_39": {"ls(x1)": -6.758063793182373, "ls(T)": -7.957962512969971, "ls(x2)": -3.6957643032073975}, "epoch_40": {"ls(x1)": -6.921348571777344, "ls(T)": -8.210704803466797, "ls(x2)": -3.833277463912964}, "epoch_41": {"ls(x1)": -7.08277702331543, "ls(T)": -8.456196784973145, "ls(x2)": -3.9696693420410156}, "epoch_42": {"ls(x1)": -7.2454752922058105, "ls(T)": -8.705448150634766, "ls(x2)": -4.103090763092041}, "epoch_43": {"ls(x1)": -7.405031681060791, "ls(T)": -8.954855918884277, "ls(x2)": -4.230747222900391}, "epoch_44": {"ls(x1)": -7.574483871459961, "ls(T)": -9.197122573852539, "ls(x2)": -4.36834716796875}, "epoch_45": {"ls(x1)": -7.7434587478637695, "ls(T)": -9.441366195678711, "ls(x2)": -4.501232147216797}, "epoch_46": {"ls(x1)": -7.903083324432373, "ls(T)": -9.696728706359863, "ls(x2)": -4.621463775634766}, "epoch_47": {"ls(x1)": -8.07319164276123, "ls(T)": -9.943416595458984, "ls(x2)": -4.751401901245117}, "epoch_48": {"ls(x1)": -8.245763778686523, "ls(T)": -10.184283256530762, "ls(x2)": -4.886774063110352}, "epoch_49": {"ls(x1)": -8.41736125946045, "ls(T)": -10.434137344360352, "ls(x2)": -5.008103370666504}, "epoch_50": {"ls(x1)": -8.589430809020996, "ls(T)": -10.681185722351074, "ls(x2)": -5.1325154304504395}}