{"epoch_1": {"ls(x1)": 0.11355545371770859}, "epoch_2": {"ls(x1)": 0.45801204442977905}, "epoch_3": {"ls(x1)": 0.6505889296531677}, "epoch_4": {"ls(x1)": 0.7927025556564331}, "epoch_5": {"ls(x1)": 0.9154528975486755}, "epoch_6": {"ls(x1)": 1.0300959348678589}, "epoch_7": {"ls(x1)": 1.1453431844711304}, "epoch_8": {"ls(x1)": 1.2546998262405396}, "epoch_9": {"ls(x1)": 1.3515095710754395}, "epoch_10": {"ls(x1)": 1.4454797506332397}, "epoch_11": {"ls(x1)": 1.5312660932540894}, "epoch_12": {"ls(x1)": 1.6080580949783325}, "epoch_13": {"ls(x1)": 1.6782727241516113}, "epoch_14": {"ls(x1)": 1.7354305982589722}, "epoch_15": {"ls(x1)": 1.786091685295105}, "epoch_16": {"ls(x1)": 1.8301347494125366}, "epoch_17": {"ls(x1)": 1.8636054992675781}, "epoch_18": {"ls(x1)": 1.8980029821395874}, "epoch_19": {"ls(x1)": 1.9243323802947998}, "epoch_20": {"ls(x1)": 1.9464514255523682}, "epoch_21": {"ls(x1)": 1.9614949226379395}, "epoch_22": {"ls(x1)": 1.9694358110427856}, "epoch_23": {"ls(x1)": 1.981357455253601}, "epoch_24": {"ls(x1)": 1.984635591506958}, "epoch_25": {"ls(x1)": 1.9984241724014282}, "epoch_26": {"ls(x1)": 1.9951881170272827}, "epoch_27": {"ls(x1)": 1.9957815408706665}, "epoch_28": {"ls(x1)": 2.0023436546325684}, "epoch_29": {"ls(x1)": 2.0022079944610596}, "epoch_30": {"ls(x1)": 2.008836269378662}, "epoch_31": {"ls(x1)": 1.9936412572860718}, "epoch_32": {"ls(x1)": 2.0110602378845215}, "epoch_33": {"ls(x1)": 2.0136396884918213}, "epoch_34": {"ls(x1)": 2.005207061767578}, "epoch_35": {"ls(x1)": 1.990016222000122}, "epoch_36": {"ls(x1)": 1.9949034452438354}, "epoch_37": {"ls(x1)": 2.008591890335083}, "epoch_38": {"ls(x1)": 2.004950523376465}, "epoch_39": {"ls(x1)": 2.013084888458252}, "epoch_40": {"ls(x1)": 2.011493682861328}, "epoch_41": {"ls(x1)": 2.0070083141326904}, "epoch_42": {"ls(x1)": 2.0177125930786133}, "epoch_43": {"ls(x1)": 1.9943104982376099}, "epoch_44": {"ls(x1)": 1.9997073411941528}, "epoch_45": {"ls(x1)": 2.0153872966766357}, "epoch_46": {"ls(x1)": 2.0189478397369385}, "epoch_47": {"ls(x1)": 1.9991730451583862}, "epoch_48": {"ls(x1)": 2.002352476119995}, "epoch_49": {"ls(x1)": 2.0013234615325928}, "epoch_50": {"ls(x1)": 1.9989874362945557}, "epoch_51": {"ls(x1)": 2.0100924968719482}, "epoch_52": {"ls(x1)": 2.018364429473877}, "epoch_53": {"ls(x1)": 2.019907236099243}, "epoch_54": {"ls(x1)": 2.0300769805908203}, "epoch_55": {"ls(x1)": 2.002443552017212}, "epoch_56": {"ls(x1)": 2.0126099586486816}, "epoch_57": {"ls(x1)": 1.9984850883483887}, "epoch_58": {"ls(x1)": 2.0012316703796387}, "epoch_59": {"ls(x1)": 1.9923155307769775}, "epoch_60": {"ls(x1)": 2.0302529335021973}, "epoch_61": {"ls(x1)": 2.0243160724639893}, "epoch_62": {"ls(x1)": 1.9850863218307495}, "epoch_63": {"ls(x1)": 2.0283570289611816}, "epoch_64": {"ls(x1)": 2.02527117729187}, "epoch_65": {"ls(x1)": 2.0128097534179688}, "epoch_66": {"ls(x1)": 2.0274734497070312}, "epoch_67": {"ls(x1)": 2.0102059841156006}, "epoch_68": {"ls(x1)": 2.031121253967285}, "epoch_69": {"ls(x1)": 2.0205070972442627}, "epoch_70": {"ls(x1)": 2.019261360168457}, "epoch_71": {"ls(x1)": 2.0125482082366943}, "epoch_72": {"ls(x1)": 2.0195248126983643}, "epoch_73": {"ls(x1)": 2.02205228805542}, "epoch_74": {"ls(x1)": 2.0069143772125244}, "epoch_75": {"ls(x1)": 1.988600730895996}, "epoch_76": {"ls(x1)": 2.0198936462402344}, "epoch_77": {"ls(x1)": 2.011544942855835}, "epoch_78": {"ls(x1)": 2.0214996337890625}, "epoch_79": {"ls(x1)": 2.015432596206665}, "epoch_80": {"ls(x1)": 2.033482551574707}, "epoch_81": {"ls(x1)": 2.0173380374908447}, "epoch_82": {"ls(x1)": 1.99149489402771}, "epoch_83": {"ls(x1)": 2.0057497024536133}, "epoch_84": {"ls(x1)": 2.001129627227783}, "epoch_85": {"ls(x1)": 2.00738525390625}, "epoch_86": {"ls(x1)": 1.9954200983047485}, "epoch_87": {"ls(x1)": 1.9967000484466553}, "epoch_88": {"ls(x1)": 1.998910903930664}, "epoch_89": {"ls(x1)": 2.026005983352661}, "epoch_90": {"ls(x1)": 2.023120641708374}, "epoch_91": {"ls(x1)": 2.0359909534454346}, "epoch_92": {"ls(x1)": 2.0097110271453857}, "epoch_93": {"ls(x1)": 2.005786418914795}, "epoch_94": {"ls(x1)": 2.0073835849761963}, "epoch_95": {"ls(x1)": 1.983298897743225}, "epoch_96": {"ls(x1)": 2.018199920654297}, "epoch_97": {"ls(x1)": 2.0132079124450684}, "epoch_98": {"ls(x1)": 2.0047719478607178}, "epoch_99": {"ls(x1)": 1.990918755531311}, "epoch_100": {"ls(x1)": 1.9837892055511475}, "epoch_101": {"ls(x1)": 2.0040574073791504}, "epoch_102": {"ls(x1)": 2.016129732131958}, "epoch_103": {"ls(x1)": 2.0053069591522217}, "epoch_104": {"ls(x1)": 1.989945888519287}, "epoch_105": {"ls(x1)": 1.9940470457077026}, "epoch_106": {"ls(x1)": 1.9896994829177856}, "epoch_107": {"ls(x1)": 1.9793819189071655}, "epoch_108": {"ls(x1)": 1.977601408958435}, "epoch_109": {"ls(x1)": 1.9926033020019531}, "epoch_110": {"ls(x1)": 2.0030646324157715}, "epoch_111": {"ls(x1)": 1.9828429222106934}, "epoch_112": {"ls(x1)": 2.0008738040924072}, "epoch_113": {"ls(x1)": 2.0111775398254395}, "epoch_114": {"ls(x1)": 2.0132126808166504}, "epoch_115": {"ls(x1)": 2.0205750465393066}, "epoch_116": {"ls(x1)": 1.98428475856781}, "epoch_117": {"ls(x1)": 1.9751116037368774}, "epoch_118": {"ls(x1)": 2.0137059688568115}, "epoch_119": {"ls(x1)": 1.9991670846939087}, "epoch_120": {"ls(x1)": 2.0058209896087646}, "epoch_121": {"ls(x1)": 2.0229854583740234}, "epoch_122": {"ls(x1)": 2.000063896179199}, "epoch_123": {"ls(x1)": 1.9890573024749756}, "epoch_124": {"ls(x1)": 2.012906074523926}, "epoch_125": {"ls(x1)": 2.0178890228271484}, "epoch_126": {"ls(x1)": 2.0579588413238525}, "epoch_127": {"ls(x1)": 2.022479295730591}, "epoch_128": {"ls(x1)": 2.0037288665771484}, "epoch_129": {"ls(x1)": 2.0165328979492188}, "epoch_130": {"ls(x1)": 2.0192906856536865}, "epoch_131": {"ls(x1)": 2.028204917907715}, "epoch_132": {"ls(x1)": 2.0129525661468506}, "epoch_133": {"ls(x1)": 2.0332818031311035}, "epoch_134": {"ls(x1)": 1.9991942644119263}, "epoch_135": {"ls(x1)": 2.019987106323242}, "epoch_136": {"ls(x1)": 1.9866995811462402}, "epoch_137": {"ls(x1)": 1.996996521949768}, "epoch_138": {"ls(x1)": 1.9950448274612427}, "epoch_139": {"ls(x1)": 1.9943161010742188}, "epoch_140": {"ls(x1)": 2.0329995155334473}, "epoch_141": {"ls(x1)": 2.0280444622039795}, "epoch_142": {"ls(x1)": 2.0153021812438965}, "epoch_143": {"ls(x1)": 1.9747096300125122}, "epoch_144": {"ls(x1)": 2.0328726768493652}, "epoch_145": {"ls(x1)": 2.032923460006714}, "epoch_146": {"ls(x1)": 2.0069241523742676}, "epoch_147": {"ls(x1)": 1.991119146347046}, "epoch_148": {"ls(x1)": 2.0121917724609375}, "epoch_149": {"ls(x1)": 1.9870553016662598}, "epoch_150": {"ls(x1)": 2.0120599269866943}, "epoch_151": {"ls(x1)": 1.99358332157135}, "epoch_152": {"ls(x1)": 2.0468697547912598}, "epoch_153": {"ls(x1)": 2.0005381107330322}, "epoch_154": {"ls(x1)": 1.9997276067733765}, "epoch_155": {"ls(x1)": 2.0324087142944336}, "epoch_156": {"ls(x1)": 2.0060837268829346}, "epoch_157": {"ls(x1)": 2.019015312194824}, "epoch_158": {"ls(x1)": 2.0185720920562744}, "epoch_159": {"ls(x1)": 2.0045742988586426}, "epoch_160": {"ls(x1)": 1.9934097528457642}, "epoch_161": {"ls(x1)": 2.005418539047241}, "epoch_162": {"ls(x1)": 2.0164053440093994}, "epoch_163": {"ls(x1)": 2.014838457107544}, "epoch_164": {"ls(x1)": 2.0165412425994873}, "epoch_165": {"ls(x1)": 2.0273399353027344}, "epoch_166": {"ls(x1)": 2.024747371673584}, "epoch_167": {"ls(x1)": 2.000330924987793}, "epoch_168": {"ls(x1)": 1.9896767139434814}, "epoch_169": {"ls(x1)": 2.0576212406158447}, "epoch_170": {"ls(x1)": 2.007040500640869}, "epoch_171": {"ls(x1)": 1.9961464405059814}, "epoch_172": {"ls(x1)": 2.0310235023498535}, "epoch_173": {"ls(x1)": 1.9932656288146973}, "epoch_174": {"ls(x1)": 1.992369532585144}, "epoch_175": {"ls(x1)": 2.0102670192718506}, "epoch_176": {"ls(x1)": 2.0204198360443115}, "epoch_177": {"ls(x1)": 1.9907581806182861}, "epoch_178": {"ls(x1)": 2.011608839035034}, "epoch_179": {"ls(x1)": 2.0028460025787354}, "epoch_180": {"ls(x1)": 2.017908811569214}, "epoch_181": {"ls(x1)": 2.0128719806671143},