{"epoch_1": [[-0.7561662793159485]], "epoch_2": [[-1.0089105367660522]], "epoch_3": [[-1.0426506996154785]], "epoch_4": [[-0.9860904812812805]], "epoch_5": [[-0.8916444778442383]], "epoch_6": [[-0.785098671913147]], "epoch_7": [[-0.6827016472816467]], "epoch_8": [[-0.5912854671478271]], "epoch_9": [[-0.49706321954727173]], "epoch_10": [[-0.42170557379722595]], "epoch_11": [[-0.3510245680809021]], "epoch_12": [[-0.288321316242218]], "epoch_13": [[-0.2412327080965042]], "epoch_14": [[-0.1924414038658142]], "epoch_15": [[-0.1578492671251297]], "epoch_16": [[-0.12253287434577942]], "epoch_17": [[-0.09615784138441086]], "epoch_18": [[-0.07393965125083923]], "epoch_19": [[-0.06393057852983475]], "epoch_20": [[-0.05148463323712349]], "epoch_21": [[-0.040115706622600555]], "epoch_22": [[-0.02449575997889042]], "epoch_23": [[-0.016895748674869537]], "epoch_24": [[-0.00671368557959795]], "epoch_25": [[-0.01391313225030899]], "epoch_26": [[0.0018808076856657863]], "epoch_27": [[0.008485479280352592]], "epoch_28": [[-0.00010312744416296482]], "epoch_29": [[-0.004853935446590185]], "epoch_30": [[-0.004568841308355331]], "epoch_31": [[0.016793129965662956]], "epoch_32": [[-0.004413163755089045]], "epoch_33": [[-0.0015408687759190798]], "epoch_34": [[0.0010629219468683004]], "epoch_35": [[0.024639710783958435]], "epoch_36": [[0.021179184317588806]], "epoch_37": [[0.0061898790299892426]], "epoch_38": [[0.006720623932778835]], "epoch_39": [[-0.0036212995182722807]], "epoch_40": [[-0.010104394517838955]], "epoch_41": [[0.0013038299512118101]], "epoch_42": [[-0.026099635288119316]], "epoch_43": [[0.010058127343654633]], "epoch_44": [[0.0202457495033741]], "epoch_45": [[-0.022097542881965637]], "epoch_46": [[-0.020037127658724785]], "epoch_47": [[0.005474329460412264]], "epoch_48": [[0.0007955076289363205]], "epoch_49": [[0.009579123929142952]], "epoch_50": [[0.0032277824357151985]], "epoch_51": [[-0.00968020036816597]], "epoch_52": [[-0.006430131383240223]], "epoch_53": [[-0.010990138165652752]], "epoch_54": [[-0.03102194517850876]], "epoch_55": [[0.01319234911352396]], "epoch_56": [[-0.015481693670153618]], "epoch_57": [[0.010468140244483948]], "epoch_58": [[0.0009801017586141825]], "epoch_59": [[0.018418023362755775]], "epoch_60": [[-0.022819433361291885]], "epoch_61": [[-0.011808843351900578]], "epoch_62": [[0.01961381360888481]], "epoch_63": [[-0.01727660931646824]], "epoch_64": [[-0.02122938446700573]], "epoch_65": [[-0.008104468695819378]], "epoch_66": [[-0.023948602378368378]], "epoch_67": [[0.0027359556406736374]], "epoch_68": [[-0.010608954355120659]], "epoch_69": [[-0.006268145516514778]], "epoch_70": [[0.006793004460632801]], "epoch_71": [[0.012841637246310711]], "epoch_72": [[-0.02059653028845787]], "epoch_73": [[-0.0004281916772015393]], "epoch_74": [[0.004001302644610405]], "epoch_75": [[0.018025008961558342]], "epoch_76": [[-0.008545239455997944]], "epoch_77": [[0.00706466194242239]], "epoch_78": [[0.004179520066827536]], "epoch_79": [[0.01064268033951521]], "epoch_80": [[0.005384448915719986]], "epoch_81": [[-0.005663749761879444]], "epoch_82": [[0.0014830841682851315]], "epoch_83": [[-0.01695389300584793]], "epoch_84": [[-0.006474222056567669]], "epoch_85": [[-0.009945916011929512]], "epoch_86": [[0.008651170879602432]], "epoch_87": [[0.028675368055701256]], "epoch_88": [[0.0009370895568281412]], "epoch_89": [[-0.004464103374630213]], "epoch_90": [[-0.018185950815677643]], "epoch_91": [[-0.01554865576326847]], "epoch_92": [[0.005741986446082592]], "epoch_93": [[0.018096741288900375]], "epoch_94": [[0.018669994547963142]], "epoch_95": [[0.025289300829172134]], "epoch_96": [[-0.002457783790305257]], "epoch_97": [[-0.0030067898333072662]], "epoch_98": [[-0.011745242401957512]], "epoch_99": [[0.0048152790404856205]], "epoch_100": [[0.03242543339729309]], "epoch_101": [[0.004406924359500408]], "epoch_102": [[0.00043453817488625646]], "epoch_103": [[0.004741133190691471]], "epoch_104": [[0.016745660454034805]], "epoch_105": [[0.010195252485573292]], "epoch_106": [[0.02406192384660244]], "epoch_107": [[0.03642506152391434]], "epoch_108": [[0.02033259905874729]], "epoch_109": [[0.005290399771183729]], "epoch_110": [[0.0019799931906163692]], "epoch_111": [[0.023261096328496933]], "epoch_112": [[0.00710058631375432]], "epoch_113": [[0.015418837778270245]], "epoch_114": [[-0.020068826153874397]], "epoch_115": [[-0.03059748187661171]], "epoch_116": [[-0.005761901382356882]], "epoch_117": [[0.02965044230222702]], "epoch_118": [[-0.016311325132846832]], "epoch_119": [[0.00500956317409873]], "epoch_120": [[0.004131793975830078]], "epoch_121": [[-0.04195327311754227]], "epoch_122": [[0.004605711437761784]], "epoch_123": [[0.022341076284646988]], "epoch_124": [[0.0006884419126436114]], "epoch_125": [[0.012063046917319298]], "epoch_126": [[-0.03389116749167442]], "epoch_127": [[0.012979721650481224]], "epoch_128": [[0.02014748938381672]], "epoch_129": [[0.009356971830129623]], "epoch_130": [[-0.004347019828855991]], "epoch_131": [[-0.007195903919637203]], "epoch_132": [[-0.014960960485041142]], "epoch_133": [[-0.020889246836304665]], "epoch_134": [[0.02459869347512722]], "epoch_135": [[0.00525191705673933]], "epoch_136": [[0.017153756693005562]], "epoch_137": [[0.006728086620569229]], "epoch_138": [[-0.002158279763534665]], "epoch_139": [[-0.005120572168380022]], "epoch_140": [[-0.030089395120739937]], "epoch_141": [[-0.014494514092803001]], "epoch_142": [[0.00573046924546361]], "epoch_143": [[0.027256295084953308]], "epoch_144": [[-0.009359306655824184]], "epoch_145": [[-0.012595875188708305]], "epoch_146": [[0.0023284931667149067]], "epoch_147": [[0.0017310900148004293]], "epoch_148": [[0.006403924897313118]], "epoch_149": [[0.01998376101255417]], "epoch_150": [[0.005102267488837242]], "epoch_151": [[0.003982371184974909]], "epoch_152": [[-0.03938182443380356]], "epoch_153": [[0.0030562025494873524]], "epoch_154": [[0.0068432665430009365]], "epoch_155": [[-0.022721119225025177]], "epoch_156": [[0.018736878409981728]], "epoch_157": [[0.0050314050167799]], "epoch_158": [[0.008410797454416752]], "epoch_159": [[-0.0010964057873934507]], "epoch_160": [[0.015463587827980518]], "epoch_161": [[0.016411568969488144]], "epoch_162": [[-0.004402060993015766]], "epoch_163": [[-0.004152860026806593]], "epoch_164": [[-0.016504349187016487]], "epoch_165": [[-0.044432803988456726]], "epoch_166": [[-0.013522950932383537]], "epoch_167": [[0.004858002997934818]], "epoch_168": [[0.010071254335343838]], "epoch_169": [[-0.02851405367255211]], "epoch_170": [[0.0014777325559407473]], "epoch_171": [[-0.0023133123759180307]], "epoch_172": [[-0.019573764875531197]], "epoch_173": [[0.0030663819052278996]], "epoch_174": [[0.009240844286978245]], "epoch_175": [[-0.004820927977561951]], "epoch_176": [[-0.016637267544865608]], "epoch_177": [[0.007086531259119511]], "epoch_178": [[-0.016058210283517838]], "epoch_179": [[0.0051767961122095585]], "epoch_180": [[0.011061379685997963]], "epoch_181": [[-0.010785235092043877]], "epoch_182": [[0.01734108105301857]], "epoch_183": [[-0.013477402739226818]], "epoch_184": [[0.006728558335453272]], "epoch_185": [[-0.00800125952810049]], "epoch_186": [[0.01550392434000969]], "epoch_187": [[0.009012582711875439]], "epoch_188": [[-0.0071052610874176025]], "epoch_189": [[0.00936202984303236]], "epoch_190": [[0.017185766249895096]], "epoch_191": [[0.0043306173756718636]], "epoch_192": [[-0.01070174016058445]], "epoch_193": [[-0.01813087984919548]], "epoch_194": [[-0.011511756107211113]], "epoch_195": [[0.02727488800883293]], "epoch_196": [[0.01697082817554474]], "epoch_197": [[0.002600620733574033]], "epoch_198": [[-0.0010732184164226055]], "epoch_199": [[0.020280983299016953]], "epoch_200": [[-0.011211569420993328]], "epoch_201": [[0.015379062853753567]], "epoch_202": [[-0.021598942577838898]], "epoch_203": [[-0.011202528141438961]], "epoch_204": [[-0.005526837892830372]], "epoch_205": [[0.004378589801490307]], "epoch_206": [[-0.0026813182048499584]],