{
    "x1": [
        0.16312215125632673,
        1.931422814330339
    ],
    "T": [
        0.0,
        1.0
    ],
    "x2": [
        -1.1229130800822722,
        0.033568699892152186
    ],
    "y": [
        0.7267726862994234,
        7.709223131367085
    ]
}