{"epoch_1": {"ls(x1)": -0.16250862181186676}, "epoch_2": {"ls(x1)": -0.15977628529071808}, "epoch_3": {"ls(x1)": -0.16069382429122925}, "epoch_4": {"ls(x1)": -0.16103243827819824}, "epoch_5": {"ls(x1)": -0.1588854342699051}, "epoch_6": {"ls(x1)": -0.15498553216457367}, "epoch_7": {"ls(x1)": -0.1505332738161087}, "epoch_8": {"ls(x1)": -0.1468093991279602}, "epoch_9": {"ls(x1)": -0.1446230560541153}, "epoch_10": {"ls(x1)": -0.14370404183864594}, "epoch_11": {"ls(x1)": -0.14315535128116608}, "epoch_12": {"ls(x1)": -0.14205217361450195}, "epoch_13": {"ls(x1)": -0.13995757699012756}, "epoch_14": {"ls(x1)": -0.1370459794998169}, "epoch_15": {"ls(x1)": -0.13386321067810059}, "epoch_16": {"ls(x1)": -0.1310824304819107}, "epoch_17": {"ls(x1)": -0.1291659027338028}, "epoch_18": {"ls(x1)": -0.1280812919139862}, "epoch_19": {"ls(x1)": -0.12737776339054108}, "epoch_20": {"ls(x1)": -0.1264735758304596}, "epoch_21": {"ls(x1)": -0.12497607618570328}, "epoch_22": {"ls(x1)": -0.12287075817584991}, "epoch_23": {"ls(x1)": -0.1204749196767807}, "epoch_24": {"ls(x1)": -0.11825774610042572}, "epoch_25": {"ls(x1)": -0.11659041792154312}, "epoch_26": {"ls(x1)": -0.11552833020687103}, "epoch_27": {"ls(x1)": -0.11479881405830383}, "epoch_28": {"ls(x1)": -0.11398234963417053}, "epoch_29": {"ls(x1)": -0.11276094615459442}, "epoch_30": {"ls(x1)": -0.11109230667352676}, "epoch_31": {"ls(x1)": -0.10920800268650055}, "epoch_32": {"ls(x1)": -0.1074661910533905}, "epoch_33": {"ls(x1)": -0.1061374694108963}, "epoch_34": {"ls(x1)": -0.1052403375506401}, "epoch_35": {"ls(x1)": -0.10454458743333817}, "epoch_36": {"ls(x1)": -0.1037297397851944}, "epoch_37": {"ls(x1)": -0.10258935391902924}, "epoch_38": {"ls(x1)": -0.10115107148885727}, "epoch_39": {"ls(x1)": -0.09964213520288467}, "epoch_40": {"ls(x1)": -0.09833542257547379}, "epoch_41": {"ls(x1)": -0.09737010300159454}, "epoch_42": {"ls(x1)": -0.09666604548692703}, "epoch_43": {"ls(x1)": -0.09599101543426514}, "epoch_44": {"ls(x1)": -0.0951254665851593}, "epoch_45": {"ls(x1)": -0.09400912374258041}, "epoch_46": {"ls(x1)": -0.09277022629976273}, "epoch_47": {"ls(x1)": -0.09162601083517075}, "epoch_48": {"ls(x1)": -0.09072704613208771}, "epoch_49": {"ls(x1)": -0.09005454927682877}, "epoch_50": {"ls(x1)": -0.08944441378116608}}