{
    "x1": [
        0.12157964485414742,
        0.794303998711493
    ],
    "x2": [
        -0.8069206639187695,
        0.418925659248077
    ],
    "x3": [
        -4.4354394138675595,
        4.9162449184293
    ]
}