{"epoch_1": [[-6.166750431060791], [-4.977972030639648], [-4.432333946228027], [-3.4008398056030273], [-2.4261178970336914], [-1.4131278991699219], [-0.793306827545166], [-0.26416540145874023], [0.2666454315185547], [1.1733102798461914], [2.508556365966797], [3.6938371658325195], [4.561823844909668], [5.721696853637695], [6.789638519287109], [7.477011680603027], [8.68513298034668], [9.796481132507324], [10.300156593322754], [11.421660423278809]], "epoch_2": [[-6.266808986663818], [-5.007547378540039], [-4.418684005737305], [-3.3218178749084473], [-2.283759117126465], [-1.2060327529907227], [-0.5388083457946777], [0.03261566162109375], [0.6058101654052734], [1.5732192993164062], [2.9829959869384766], [4.238664627075195], [5.165830612182617], [6.395326614379883], [7.529936790466309], [8.268241882324219], [9.547430992126465], [10.726881980895996], [11.271321296691895], [12.461258888244629]], "epoch_3": [[-6.367025375366211], [-5.035438537597656], [-4.400990962982178], [-3.2367546558380127], [-2.133260726928711], [-0.9887375831604004], [-0.27168750762939453], [0.34442663192749023], [0.9624180793762207], [1.9928045272827148], [3.4787521362304688], [4.806674003601074], [5.795307159423828], [7.096336364746094], [8.29965877532959], [9.091330528259277], [10.443436622619629], [11.692976951599121], [12.280592918395996], [13.540947914123535]], "epoch_4": [[-6.467513084411621], [-5.06195068359375], [-4.379621982574463], [-3.146226406097412], [-1.9753799438476562], [-0.7621774673461914], [0.007069110870361328], [0.6702718734741211], [1.3354673385620117], [2.4309329986572266], [3.994492530822754], [5.396356582641602], [6.448633193969727], [7.822933197021484], [9.096856117248535], [9.944279670715332], [11.37097454071045], [12.692437171936035], [13.32565975189209], [14.658263206481934]], "epoch_5": [[-6.568385124206543], [-5.087406158447266], [-4.35500431060791], [-3.0509021282196045], [-1.8109946250915527], [-0.5274348258972168], [0.29630279541015625], [1.0089616775512695], [1.7237415313720703], [2.8862342834472656], [4.528639793395996], [6.005942344665527], [7.123906135559082], [8.573033332824707], [9.919276237487793], [10.824761390686035], [12.32753849029541], [13.722580909729004], [14.403847694396973], [15.810362815856934]], "epoch_6": [[-6.668384552001953], [-5.109285354614258], [-4.3237128257751465], [-2.9457786083221436], [-1.633798599243164], [-0.27695751190185547], [0.6041274070739746], [1.3690004348754883], [2.1360979080200195], [3.368380546569824], [5.09220027923584], [6.6475419998168945], [7.833897590637207], [9.360428810119629], [10.781598091125488], [11.747845649719238], [13.329218864440918], [14.800396919250488], [15.532315254211426], [17.015239715576172]], "epoch_7": [[-6.768520355224609], [-5.129802703857422], [-4.288747787475586], [-2.835329055786133], [-1.4494943618774414], [-0.017629146575927734], [0.9231433868408203], [1.7426576614379883], [2.5645055770874023], [3.868535041809082], [5.675077438354492], [7.309989929199219], [8.566770553588867], [10.172284126281738], [11.670098304748535], [12.699406623840332], [14.360894203186035], [15.909867286682129], [16.694908142089844], [18.255897521972656]], "epoch_8": [[-6.8688812255859375], [-5.149281024932861], [-4.250647068023682], [-2.7203969955444336], [-1.2591838836669922], [0.2492070198059082], [1.2518796920776367], [2.1283798217773438], [3.0073328018188477], [4.384883880615234], [6.275245666503906], [7.991058349609375], [9.320130348205566], [11.006009101867676], [12.58200740814209], [13.676566123962402], [15.4194917678833], [17.047744750976562], [17.88833236694336], [19.528873443603516]], "epoch_9": [[-6.969554424285889], [-5.168057441711426], [-4.210050582885742], [-2.6019797325134277], [-1.0641584396362305], [0.5219931602478027], [1.5886173248291016], [2.524336814880371], [3.4626455307006836], [4.9152936935424805], [6.890347480773926], [8.688178062438965], [10.091233253479004], [11.858654975891113], [13.514182090759277], [14.676047325134277], [16.501544952392578], [18.210369110107422], [19.108875274658203], [20.830272674560547]], "epoch_10": [[-7.070621490478516], [-5.186479568481445], [-4.167714595794678], [-2.481240749359131], [-0.8659119606018066], [0.7989397048950195], [1.9313783645629883], [2.9284067153930664], [3.9281911849975586], [5.4572954177856445], [7.51768684387207], [9.398430824279785], [10.876967430114746], [12.726902961730957], [14.46309757232666], [15.694182395935059], [17.60318374633789], [19.39368438720703], [20.352397918701172], [22.155776977539062]], "epoch_11": [[-7.1721577644348145], [-5.204905986785889], [-4.124528884887695], [-2.359532356262207], [-0.6661629676818848], [1.0780115127563477], [2.2779016494750977], [3.3381614685058594], [4.4013824462890625], [6.008070945739746], [8.154213905334473], [10.118542671203613], [11.67385196685791], [13.607054710388184], [15.424851417541504], [16.72690200805664], [18.720142364501953], [20.59322738647461], [21.614334106445312], [23.50063705444336]], "epoch_12": [[-7.27423095703125], [-5.223697185516357], [-4.081533432006836], [-2.2384109497070312], [-0.46686744689941406], [1.356912612915039], [2.625640869140625], [3.7508535385131836], [4.8792877197265625], [6.564447402954102], [8.796520233154297], [10.844876289367676], [12.478035926818848], [14.495041847229004], [16.395160675048828], [17.76974868774414], [19.847763061523438], [21.80414581298828], [22.889720916748047], [24.85970687866211]], "epoch_13": [[-7.376900672912598], [-5.2432169914245605], [-4.039930820465088], [-2.119649887084961], [-0.2702312469482422], [1.6330766677856445], [2.971750259399414], [4.163410186767578], [5.358625411987305], [7.122893333435059], [9.440838813781738], [11.57343578338623], [13.285300254821777], [15.386429786682129], [17.369380950927734], [18.817890167236328], [20.98101806640625], [23.021209716796875], [24.173202514648438], [26.22745132446289]], "epoch_14": [[-7.480218887329102], [-5.263827323913574], [-4.001096725463867], [-2.005244731903076], [-0.07870864868164062], [1.9036731719970703], [3.313094139099121], [4.572443962097168], [5.835777282714844], [7.679532051086426], [10.0830659866333], [12.299887657165527], [14.091086387634277], [16.276443481445312], [18.342525482177734], [19.86614227294922], [22.11452865600586], [24.23885726928711], [25.459064483642578], [27.59798812866211]], "epoch_15": [[-7.584228515625], [-5.285884857177734], [-3.9665682315826416], [-1.897395133972168], [0.10501766204833984], [2.165635108947754], [3.64627742767334], [4.9742841720581055], [6.306822776794434], [8.230184555053711], [10.718794822692871], [13.019600868225098], [14.890534400939941], [17.160015106201172], [19.309314727783203], [20.90903091430664], [23.242633819580078], [25.45124053955078], [26.741310119628906], [28.96514129638672]], "epoch_16": [[-7.688962936401367], [-5.30973482131958], [-3.9380087852478027], [-1.7984604835510254], [0.2780885696411133], [2.41571044921875], [3.967705726623535], [5.365042686462402], [6.767603874206543], [8.77043628692627], [11.343392372131348], [13.727723121643066], [15.67856502532959], [18.031856536865234], [20.264263153076172], [21.940860748291016], [24.35946273803711], [26.652305603027344], [28.013721466064453], [30.322532653808594]], "epoch_17": [[-7.794447422027588], [-5.335709571838379], [-3.917147397994995], [-1.710881233215332], [0.4375576972961426], [2.650559425354004], [4.273681640625], [5.740714073181152], [7.213840484619141], [9.295748710632324], [11.952107429504395], [14.419295310974121], [16.449996948242188], [18.88658905029297], [21.201793670654297], [22.955860137939453], [25.459068298339844], [27.835941314697266], [29.270015716552734], [31.66373062133789]],