{"epoch_1": [[-0.47403475642204285], [0.4690534770488739]], "epoch_2": [[-0.47312214970588684], [0.568706750869751]], "epoch_3": [[-0.5039685964584351], [0.6444740295410156]], "epoch_4": [[-0.5622811317443848], [0.6982619762420654]], "epoch_5": [[-0.6330284476280212], [0.7406943440437317]], "epoch_6": [[-0.7330282926559448], [0.7851698398590088]], "epoch_7": [[-0.7905238270759583], [0.631984293460846]], "epoch_8": [[-0.7390146255493164], [0.6598920822143555]], "epoch_9": [[-0.6726511716842651], [0.7393536567687988]], "epoch_10": [[-0.6187344193458557], [0.7987187504768372]], "epoch_11": [[-0.5991562008857727], [0.7961912751197815]], "epoch_12": [[-0.6061598658561707], [0.7542348504066467]], "epoch_13": [[-0.6259725689888], [0.7110415101051331]], "epoch_14": [[-0.6479169726371765], [0.6933439373970032]], "epoch_15": [[-0.6660533547401428], [0.7037343382835388]], "epoch_16": [[-0.6796571016311646], [0.7310221195220947]], "epoch_17": [[-0.6911427974700928], [0.7559331655502319]], "epoch_18": [[-0.7025785446166992], [0.760069727897644]], "epoch_19": [[-0.7129043340682983], [0.7422068119049072]], "epoch_20": [[-0.718173623085022], [0.715954065322876]]}