{
    "x1": [
        0.10034814960916982,
        1.9014444587677675
    ],
    "T": [
        0.0,
        1.0
    ],
    "x2": [
        -1.156890545578815,
        0.04266346320346679
    ],
    "y": [
        0.7036147157233851,
        7.711181281625577
    ]
}