{"epoch_1": {"ls(x1)": 0.07077079266309738, "ls(x6)": -0.5728060007095337}, "epoch_2": {"ls(x1)": 0.06402281671762466, "ls(x6)": -0.47292983531951904}, "epoch_3": {"ls(x1)": 0.019300367683172226, "ls(x6)": -0.37332883477211}, "epoch_4": {"ls(x1)": -0.024652253836393356, "ls(x6)": -0.274247944355011}, "epoch_5": {"ls(x1)": -0.029121464118361473, "ls(x6)": -0.1760827600955963}, "epoch_6": {"ls(x1)": 0.07087840884923935, "ls(x6)": -0.07608276605606079}, "epoch_7": {"ls(x1)": 0.043720342218875885, "ls(x6)": 0.022850193083286285}, "epoch_8": {"ls(x1)": 0.001767277717590332, "ls(x6)": 0.11911729723215103}, "epoch_9": {"ls(x1)": -0.006261538714170456, "ls(x6)": 0.21008221805095673}, "epoch_10": {"ls(x1)": 0.017903709784150124, "ls(x6)": 0.29213204979896545}, "epoch_11": {"ls(x1)": 0.05359499156475067, "ls(x6)": 0.36130526661872864}, "epoch_12": {"ls(x1)": 0.08082495629787445, "ls(x6)": 0.41440320014953613}, "epoch_13": {"ls(x1)": 0.08683314919471741, "ls(x6)": 0.4499638080596924}, "epoch_14": {"ls(x1)": 0.07529804855585098, "ls(x6)": 0.46840906143188477}, "epoch_15": {"ls(x1)": 0.0562836155295372, "ls(x6)": 0.4714541733264923}, "epoch_16": {"ls(x1)": 0.04061067849397659, "ls(x6)": 0.46133196353912354}, "epoch_17": {"ls(x1)": 0.03588683903217316, "ls(x6)": 0.44021403789520264}, "epoch_18": {"ls(x1)": 0.0426841601729393, "ls(x6)": 0.40997645258903503}, "epoch_19": {"ls(x1)": 0.056010901927948, "ls(x6)": 0.37223461270332336}, "epoch_20": {"ls(x1)": 0.0683552473783493, "ls(x6)": 0.328448623418808}}