{"epoch_1": [[0.015132814645767212], [2.4134278297424316], [2.9542367458343506], [3.3811135292053223]], "epoch_2": [[-0.08471842110157013], [2.086576223373413], [2.5772228240966797], [3.0487313270568848]], "epoch_3": [[-0.18425363302230835], [1.7835400104522705], [2.231362819671631], [2.751591682434082]], "epoch_4": [[-0.28322359919548035], [1.5029205083847046], [1.9161794185638428], [2.4891223907470703]], "epoch_5": [[-0.3812611699104309], [1.2435307502746582], [1.6314804553985596], [2.2608094215393066]], "epoch_6": [[-0.48126116394996643], [0.9889113903045654], [1.4176620244979858], [2.11317777633667]], "epoch_7": [[-0.5804524421691895], [0.7516908645629883], [1.2249757051467896], [1.9912872314453125]], "epoch_8": [[-0.6778628826141357], [0.5325583219528198], [1.0542081594467163], [1.8922111988067627]], "epoch_9": [[-0.7720847129821777], [0.332586407661438], [0.9068589210510254], [1.8111848831176758]], "epoch_10": [[-0.8613121509552002], [0.1530165672302246], [0.7849252223968506], [1.7443232536315918]], "epoch_11": [[-0.9435387849807739], [-0.005057811737060547], [0.6903496980667114], [1.6918288469314575]], "epoch_12": [[-1.0169034004211426], [-0.1410388946533203], [0.6243686676025391], [1.6569840908050537]], "epoch_13": [[-1.0800807476043701], [-0.2551190257072449], [0.5867007970809937], [1.6422181129455566]], "epoch_14": [[-1.1325279474258423], [-0.3483744263648987], [0.5739723443984985], [1.6451622247695923]], "epoch_15": [[-1.1744784116744995], [-0.4226076602935791], [0.5764107704162598], [1.6549946069717407]], "epoch_16": [[-1.206697940826416], [-0.4799818992614746], [0.5764627456665039], [1.6527581214904785]], "epoch_17": [[-1.2301210165023804], [-0.5225724577903748], [0.5607386827468872], [1.6258617639541626]], "epoch_18": [[-1.2456125020980835], [-0.5521206259727478], [0.5297523736953735], [1.578475832939148]], "epoch_19": [[-1.2539653778076172], [-0.5700958371162415], [0.4901745319366455], [1.522294521331787]], "epoch_20": [[-1.2559864521026611], [-0.57785564661026], [0.4484267234802246], [1.4682388305664062]]}