{"epoch_1": {"ls(T)": -0.24783827364444733}, "epoch_2": {"ls(T)": 0.04385209456086159}, "epoch_3": {"ls(T)": 0.06741464883089066}, "epoch_4": {"ls(T)": 0.03234994038939476}, "epoch_5": {"ls(T)": 0.00028219399973750114}, "epoch_6": {"ls(T)": -0.025589648634195328}, "epoch_7": {"ls(T)": -0.042279187589883804}, "epoch_8": {"ls(T)": -0.057648178189992905}, "epoch_9": {"ls(T)": -0.06367524713277817}, "epoch_10": {"ls(T)": -0.06708823889493942}, "epoch_11": {"ls(T)": -0.06890193372964859}, "epoch_12": {"ls(T)": -0.07052437961101532}, "epoch_13": {"ls(T)": -0.05951100215315819}, "epoch_14": {"ls(T)": -0.06195729970932007}, "epoch_15": {"ls(T)": -0.05513424798846245}, "epoch_16": {"ls(T)": -0.0472073070704937}, "epoch_17": {"ls(T)": -0.03890647366642952}, "epoch_18": {"ls(T)": -0.026756584644317627}, "epoch_19": {"ls(T)": -0.017488554120063782}, "epoch_20": {"ls(T)": -0.006595877930521965}, "epoch_21": {"ls(T)": 0.010112938471138477}, "epoch_22": {"ls(T)": 0.02396644838154316}, "epoch_23": {"ls(T)": 0.04526819288730621}, "epoch_24": {"ls(T)": 0.052708886563777924}, "epoch_25": {"ls(T)": 0.06790908426046371}, "epoch_26": {"ls(T)": 0.08071162551641464}, "epoch_27": {"ls(T)": 0.09694754332304001}, "epoch_28": {"ls(T)": 0.12196162343025208}, "epoch_29": {"ls(T)": 0.1295935958623886}, "epoch_30": {"ls(T)": 0.16400587558746338}, "epoch_31": {"ls(T)": 0.16911576688289642}, "epoch_32": {"ls(T)": 0.18646612763404846}, "epoch_33": {"ls(T)": 0.21089832484722137}, "epoch_34": {"ls(T)": 0.23939067125320435}, "epoch_35": {"ls(T)": 0.2511022090911865}, "epoch_36": {"ls(T)": 0.28138861060142517}, "epoch_37": {"ls(T)": 0.29452431201934814}, "epoch_38": {"ls(T)": 0.30419060587882996}, "epoch_39": {"ls(T)": 0.33979249000549316}, "epoch_40": {"ls(T)": 0.355690062046051}, "epoch_41": {"ls(T)": 0.37242746353149414}, "epoch_42": {"ls(T)": 0.4070289731025696}, "epoch_43": {"ls(T)": 0.43380269408226013}, "epoch_44": {"ls(T)": 0.44422200322151184}, "epoch_45": {"ls(T)": 0.4525220990180969}, "epoch_46": {"ls(T)": 0.5129700303077698}, "epoch_47": {"ls(T)": 0.531886637210846}, "epoch_48": {"ls(T)": 0.5637009739875793}, "epoch_49": {"ls(T)": 0.5843316912651062}, "epoch_50": {"ls(T)": 0.6100619435310364}, "epoch_51": {"ls(T)": 0.6461737155914307}, "epoch_52": {"ls(T)": 0.6606837511062622}, "epoch_53": {"ls(T)": 0.6777016520500183}, "epoch_54": {"ls(T)": 0.7083327770233154}, "epoch_55": {"ls(T)": 0.7225937843322754}, "epoch_56": {"ls(T)": 0.7680291533470154}, "epoch_57": {"ls(T)": 0.7918879985809326}, "epoch_58": {"ls(T)": 0.8066610097885132}, "epoch_59": {"ls(T)": 0.8534823656082153}, "epoch_60": {"ls(T)": 0.8842191100120544}, "epoch_61": {"ls(T)": 0.8877072334289551}, "epoch_62": {"ls(T)": 0.9281042814254761}, "epoch_63": {"ls(T)": 0.9663217663764954}, "epoch_64": {"ls(T)": 0.9902409315109253}, "epoch_65": {"ls(T)": 1.0024800300598145}, "epoch_66": {"ls(T)": 1.04034423828125}, "epoch_67": {"ls(T)": 1.1112000942230225}, "epoch_68": {"ls(T)": 1.1111681461334229}, "epoch_69": {"ls(T)": 1.133010745048523}, "epoch_70": {"ls(T)": 1.168654203414917}, "epoch_71": {"ls(T)": 1.202537178993225}, "epoch_72": {"ls(T)": 1.2273696660995483}, "epoch_73": {"ls(T)": 1.2448439598083496}, "epoch_74": {"ls(T)": 1.296176791191101}, "epoch_75": {"ls(T)": 1.3275094032287598}, "epoch_76": {"ls(T)": 1.359358310699463}, "epoch_77": {"ls(T)": 1.3798328638076782}, "epoch_78": {"ls(T)": 1.413314700126648}, "epoch_79": {"ls(T)": 1.4255136251449585}, "epoch_80": {"ls(T)": 1.4737884998321533}, "epoch_81": {"ls(T)": 1.5295376777648926}, "epoch_82": {"ls(T)": 1.543779969215393}, "epoch_83": {"ls(T)": 1.5763976573944092}, "epoch_84": {"ls(T)": 1.6054784059524536}, "epoch_85": {"ls(T)": 1.6324983835220337}, "epoch_86": {"ls(T)": 1.6647987365722656}, "epoch_87": {"ls(T)": 1.6817721128463745}, "epoch_88": {"ls(T)": 1.707835078239441}, "epoch_89": {"ls(T)": 1.7538220882415771}, "epoch_90": {"ls(T)": 1.7875152826309204}, "epoch_91": {"ls(T)": 1.8287105560302734}, "epoch_92": {"ls(T)": 1.8338123559951782}, "epoch_93": {"ls(T)": 1.8904930353164673}, "epoch_94": {"ls(T)": 1.9227124452590942}, "epoch_95": {"ls(T)": 1.956856608390808}, "epoch_96": {"ls(T)": 1.9616554975509644}, "epoch_97": {"ls(T)": 2.0095303058624268}, "epoch_98": {"ls(T)": 2.0268218517303467}, "epoch_99": {"ls(T)": 2.0706872940063477}, "epoch_100": {"ls(T)": 2.086028814315796}, "epoch_101": {"ls(T)": 2.1198768615722656}, "epoch_102": {"ls(T)": 2.139878511428833}, "epoch_103": {"ls(T)": 2.1734251976013184}, "epoch_104": {"ls(T)": 2.17337965965271}, "epoch_105": {"ls(T)": 2.246508836746216}, "epoch_106": {"ls(T)": 2.278402328491211}, "epoch_107": {"ls(T)": 2.2930612564086914}, "epoch_108": {"ls(T)": 2.3239047527313232}, "epoch_109": {"ls(T)": 2.3525452613830566}, "epoch_110": {"ls(T)": 2.396442174911499}, "epoch_111": {"ls(T)": 2.401047945022583}, "epoch_112": {"ls(T)": 2.4334423542022705}, "epoch_113": {"ls(T)": 2.4772210121154785}, "epoch_114": {"ls(T)": 2.498168706893921}, "epoch_115": {"ls(T)": 2.5464015007019043}, "epoch_116": {"ls(T)": 2.575465440750122}, "epoch_117": {"ls(T)": 2.584444999694824}, "epoch_118": {"ls(T)": 2.618018388748169}, "epoch_119": {"ls(T)": 2.6423401832580566}, "epoch_120": {"ls(T)": 2.681140899658203}, "epoch_121": {"ls(T)": 2.6970722675323486}, "epoch_122": {"ls(T)": 2.7368521690368652}, "epoch_123": {"ls(T)": 2.771569013595581}, "epoch_124": {"ls(T)": 2.7828598022460938}, "epoch_125": {"ls(T)": 2.7906816005706787}, "epoch_126": {"ls(T)": 2.85718035697937}, "epoch_127": {"ls(T)": 2.853295087814331}, "epoch_128": {"ls(T)": 2.918443202972412}, "epoch_129": {"ls(T)": 2.9439609050750732}, "epoch_130": {"ls(T)": 2.947139263153076}, "epoch_131": {"ls(T)": 2.9855241775512695}, "epoch_132": {"ls(T)": 3.0421643257141113}, "epoch_133": {"ls(T)": 3.037956953048706}, "epoch_134": {"ls(T)": 3.088642120361328}, "epoch_135": {"ls(T)": 3.1005544662475586}, "epoch_136": {"ls(T)": 3.149099111557007}, "epoch_137": {"ls(T)": 3.176970958709717}, "epoch_138": {"ls(T)": 3.1897521018981934}, "epoch_139": {"ls(T)": 3.227097749710083}, "epoch_140": {"ls(T)": 3.24519681930542}, "epoch_141": {"ls(T)": 3.292677164077759}, "epoch_142": {"ls(T)": 3.327113151550293}, "epoch_143": {"ls(T)": 3.3390467166900635}, "epoch_144": {"ls(T)": 3.3516077995300293}, "epoch_145": {"ls(T)": 3.379526376724243}, "epoch_146": {"ls(T)": 3.4154579639434814}, "epoch_147": {"ls(T)": 3.471954822540283}, "epoch_148": {"ls(T)": 3.493741989135742}, "epoch_149": {"ls(T)": 3.5008504390716553}, "epoch_150": {"ls(T)": 3.5240538120269775}, "epoch_151": {"ls(T)": 3.5878982543945312}, "epoch_152": {"ls(T)": 3.554070234298706}, "epoch_153": {"ls(T)": 3.6202776432037354}, "epoch_154": {"ls(T)": 3.639543056488037}, "epoch_155": {"ls(T)": 3.6797938346862793}, "epoch_156": {"ls(T)": 3.7006092071533203}, "epoch_157": {"ls(T)": 3.7294418811798096}, "epoch_158": {"ls(T)": 3.769496202468872}, "epoch_159": {"ls(T)": 3.8038485050201416}, "epoch_160": {"ls(T)": 3.8175265789031982}, "epoch_161": {"ls(T)": 3.8550634384155273}, "epoch_162": {"ls(T)": 3.848980188369751}, "epoch_163": {"ls(T)": 3.88336181640625}, "epoch_164": {"ls(T)": 3.9068715572357178}, "epoch_165": {"ls(T)": 3.950256824493408}, "epoch_166": {"ls(T)": 3.9652416706085205}, "epoch_167": {"ls(T)": 3.988189220428467}, "epoch_168": {"ls(T)": 4.006360054016113}, "epoch_169": {"ls(T)": 4.038674831390381}, "epoch_170": {"ls(T)": 4.092196464538574}, "epoch_171": {"ls(T)": 4.111999988555908}, "epoch_172": {"ls(T)": 4.142852783203125}, "epoch_173": {"ls(T)": 4.163155555725098}, "epoch_174": {"ls(T)": 4.189260005950928}, "epoch_175": {"ls(T)": 4.213243007659912}, "epoch_176": {"ls(T)": 4.223356246948242}, "epoch_177": {"ls(T)": 4.29298734664917}, "epoch_178": {"ls(T)": 4.2993597984313965}, "epoch_179": {"ls(T)": 4.313122272491455}, "epoch_180": {"ls(T)": 4.3226847648620605}, "epoch_181": {"ls(T)": 4.351821422576904}, "epoch_182": {"ls(T)": 4.399984836578369}, "epoch_183": {"ls(T)": 4.40545654296875}, "epoch_184": {"ls(T)": 4.454326629638672},