{"epoch_1": {"ls(T)": -0.1957075446844101}, "epoch_2": {"ls(T)": -0.18571382761001587}, "epoch_3": {"ls(T)": -0.17573079466819763}, "epoch_4": {"ls(T)": -0.1657629907131195}, "epoch_5": {"ls(T)": -0.15581510961055756}, "epoch_6": {"ls(T)": -0.1458919793367386}, "epoch_7": {"ls(T)": -0.13599853217601776}, "epoch_8": {"ls(T)": -0.12613984942436218}, "epoch_9": {"ls(T)": -0.11632109433412552}, "epoch_10": {"ls(T)": -0.10654754936695099}}