{"epoch_1": [[-7.507630825042725], [-6.674994945526123], [-6.358123779296875], [-5.40684700012207], [-4.538368225097656], [-3.283287763595581], [-1.9740095138549805], [-1.3107686042785645], [-0.031427860260009766], [0.3625035285949707], [1.1497173309326172], [1.4701929092407227], [2.1041784286499023], [2.938603401184082], [3.2611618041992188], [3.8876514434814453], [4.8989057540893555], [5.509984970092773], [6.117942810058594], [7.031176567077637]], "epoch_2": [[-7.497639179229736], [-6.6593403816223145], [-6.339743614196777], [-5.382318019866943], [-4.508023738861084], [-3.245784282684326], [-1.9291973114013672], [-1.2610960006713867], [0.02547168731689453], [0.4226698875427246], [1.2153444290161133], [1.5385713577270508], [2.177262306213379], [3.006037712097168], [3.3258485794067383], [3.947695732116699], [4.952598571777344], [5.559118270874023], [6.162532806396484], [7.081765174865723]], "epoch_3": [[-7.487662315368652], [-6.6436767578125], [-6.321334362030029], [-5.357737064361572], [-4.477603912353516], [-3.2081868648529053], [-1.8842730522155762], [-1.2112865447998047], [0.08252573013305664], [0.4830131530761719], [1.2811717987060547], [1.6071701049804688], [2.2505874633789062], [3.073733329772949], [3.3908166885375977], [4.008045196533203], [5.006619453430176], [5.608603477478027], [6.2074995040893555], [7.132753372192383]], "epoch_4": [[-7.477705955505371], [-6.628009796142578], [-6.3029022216796875], [-5.333110809326172], [-4.447114944458008], [-3.1705024242401123], [-1.8392448425292969], [-1.1613492965698242], [0.1397261619567871], [0.5435237884521484], [1.3471908569335938], [1.6759796142578125], [2.324141502380371], [3.141676902770996], [3.456052780151367], [4.068687438964844], [5.0609540939331055], [5.658428192138672], [6.252828598022461], [7.184126853942871]], "epoch_5": [[-7.467776298522949], [-6.612347602844238], [-6.284454345703125], [-5.308447360992432], [-4.416565895080566], [-3.1327402591705322], [-1.7941217422485352], [-1.1112937927246094], [0.19706201553344727], [0.6041922569274902], [1.4133901596069336], [1.7449893951416016], [2.3979129791259766], [3.2098541259765625], [3.5215415954589844], [4.129606246948242], [5.115589141845703], [5.708575248718262], [6.298505783081055], [7.235870361328125]], "epoch_6": [[-7.457880973815918], [-6.596695899963379], [-6.265997409820557], [-5.283753395080566], [-4.385964393615723], [-3.0949087142944336], [-1.7489142417907715], [-1.061129093170166], [0.25452280044555664], [0.6650075912475586], [1.4797592163085938], [1.8141870498657227], [2.47188663482666], [3.278249740600586], [3.5872678756713867], [4.190786361694336], [5.170507431030273], [5.759031295776367], [6.344513893127441], [7.287965774536133]], "epoch_7": [[-7.44802713394165], [-6.581063270568848], [-6.2475385665893555], [-5.259036540985107], [-4.355318546295166], [-3.0570168495178223], [-1.7036309242248535], [-1.0108652114868164], [0.31209802627563477], [0.725959300994873], [1.546285629272461], [1.8835620880126953], [2.546051025390625], [3.3468503952026367], [3.653217315673828], [4.252215385437012], [5.22569465637207], [5.809781074523926], [6.390839576721191], [7.340399742126465]], "epoch_8": [[-7.438221454620361], [-6.565456867218018], [-6.229086399078369], [-5.234305381774902], [-4.324636459350586], [-3.019073486328125], [-1.6582818031311035], [-0.960512638092041], [0.36977720260620117], [0.7870364189147949], [1.612959861755371], [1.953104019165039], [2.620391845703125], [3.415639877319336], [3.719376564025879], [4.313876152038574], [5.281136512756348], [5.860809326171875], [6.437467575073242], [7.393156051635742]], "epoch_9": [[-7.428471565246582], [-6.549884796142578], [-6.2106475830078125], [-5.209568500518799], [-4.293927192687988], [-2.981088161468506], [-1.6128778457641602], [-0.9100818634033203], [0.4275484085083008], [0.8482275009155273], [1.679769515991211], [2.022799491882324], [2.6948938369750977], [3.484602928161621], [3.7857275009155273], [4.375754356384277], [5.33681583404541], [5.912099838256836], [6.484379768371582], [7.446216583251953]], "epoch_10": [[-7.41878604888916], [-6.534355640411377], [-6.192231178283691], [-5.184834003448486], [-4.263199806213379], [-2.943070888519287], [-1.5674285888671875], [-0.8595833778381348], [0.4854006767272949], [0.9095215797424316], [1.7467021942138672], [2.0926361083984375], [2.7695436477661133], [3.553725242614746], [3.8522558212280273], [4.437833786010742], [5.392718315124512], [5.96363639831543], [6.531562805175781], [7.499566078186035]]}