{"epoch_1": {"ls(x1)": -0.22998400032520294, "ls(x2)": -0.05108051002025604}, "epoch_2": {"ls(x1)": -0.24350976943969727, "ls(x2)": 0.02717256173491478}, "epoch_3": {"ls(x1)": -0.3498532772064209, "ls(x2)": 0.06658276915550232}, "epoch_4": {"ls(x1)": -0.46923306584358215, "ls(x2)": 0.07942384481430054}, "epoch_5": {"ls(x1)": -0.5839081406593323, "ls(x2)": 0.08502592146396637}, "epoch_6": {"ls(x1)": -0.6801856160163879, "ls(x2)": 0.08797216415405273}, "epoch_7": {"ls(x1)": -0.7586665153503418, "ls(x2)": 0.09176789969205856}, "epoch_8": {"ls(x1)": -0.8315073251724243, "ls(x2)": 0.09828907251358032}, "epoch_9": {"ls(x1)": -0.9645490646362305, "ls(x2)": 0.12996312975883484}, "epoch_10": {"ls(x1)": -1.0760263204574585, "ls(x2)": 0.12016106396913528}, "epoch_11": {"ls(x1)": -1.1685351133346558, "ls(x2)": 0.13177986443042755}, "epoch_12": {"ls(x1)": -1.2294235229492188, "ls(x2)": 0.13532021641731262}, "epoch_13": {"ls(x1)": -1.2836790084838867, "ls(x2)": 0.13098399341106415}, "epoch_14": {"ls(x1)": -1.3283755779266357, "ls(x2)": 0.15494602918624878}, "epoch_15": {"ls(x1)": -1.3581410646438599, "ls(x2)": 0.16623425483703613}, "epoch_16": {"ls(x1)": -1.3782607316970825, "ls(x2)": 0.15470591187477112}, "epoch_17": {"ls(x1)": -1.3890109062194824, "ls(x2)": 0.1833336353302002}, "epoch_18": {"ls(x1)": -1.4003605842590332, "ls(x2)": 0.15155945718288422}, "epoch_19": {"ls(x1)": -1.410386323928833, "ls(x2)": 0.1790122538805008}, "epoch_20": {"ls(x1)": -1.4130696058273315, "ls(x2)": 0.16888394951820374}, "epoch_21": {"ls(x1)": -1.4060231447219849, "ls(x2)": 0.16748163104057312}, "epoch_22": {"ls(x1)": -1.4064584970474243, "ls(x2)": 0.20889128744602203}, "epoch_23": {"ls(x1)": -1.4145079851150513, "ls(x2)": 0.17320802807807922}, "epoch_24": {"ls(x1)": -1.4115904569625854, "ls(x2)": 0.18860411643981934}, "epoch_25": {"ls(x1)": -1.3886390924453735, "ls(x2)": 0.2066468745470047}, "epoch_26": {"ls(x1)": -1.3744333982467651, "ls(x2)": 0.2025519162416458}, "epoch_27": {"ls(x1)": -1.3776246309280396, "ls(x2)": 0.20133408904075623}, "epoch_28": {"ls(x1)": -1.3539021015167236, "ls(x2)": 0.18799714744091034}, "epoch_29": {"ls(x1)": -1.3755736351013184, "ls(x2)": 0.23483461141586304}, "epoch_30": {"ls(x1)": -1.373645544052124, "ls(x2)": 0.2333960235118866}, "epoch_31": {"ls(x1)": -1.3307348489761353, "ls(x2)": 0.2602512240409851}, "epoch_32": {"ls(x1)": -1.3153232336044312, "ls(x2)": 0.20483672618865967}, "epoch_33": {"ls(x1)": -1.3232117891311646, "ls(x2)": 0.22385914623737335}, "epoch_34": {"ls(x1)": -1.2892295122146606, "ls(x2)": 0.21909193694591522}, "epoch_35": {"ls(x1)": -1.265258550643921, "ls(x2)": 0.22428211569786072}, "epoch_36": {"ls(x1)": -1.2543617486953735, "ls(x2)": 0.22321364283561707}, "epoch_37": {"ls(x1)": -1.2624216079711914, "ls(x2)": 0.2459227740764618}, "epoch_38": {"ls(x1)": -1.2328364849090576, "ls(x2)": 0.27359625697135925}, "epoch_39": {"ls(x1)": -1.1887538433074951, "ls(x2)": 0.23728162050247192}, "epoch_40": {"ls(x1)": -1.1971198320388794, "ls(x2)": 0.23325234651565552}, "epoch_41": {"ls(x1)": -1.158620834350586, "ls(x2)": 0.22917896509170532}, "epoch_42": {"ls(x1)": -1.1937264204025269, "ls(x2)": 0.253114253282547}, "epoch_43": {"ls(x1)": -1.1073955297470093, "ls(x2)": 0.23619085550308228}, "epoch_44": {"ls(x1)": -1.1171305179595947, "ls(x2)": 0.23695369064807892}, "epoch_45": {"ls(x1)": -1.1122549772262573, "ls(x2)": 0.2897980213165283}, "epoch_46": {"ls(x1)": -1.088893175125122, "ls(x2)": 0.27096298336982727}, "epoch_47": {"ls(x1)": -1.0347566604614258, "ls(x2)": 0.22281213104724884}, "epoch_48": {"ls(x1)": -1.0534462928771973, "ls(x2)": 0.24773374199867249}, "epoch_49": {"ls(x1)": -1.0133702754974365, "ls(x2)": 0.22115488350391388}, "epoch_50": {"ls(x1)": -1.014386534690857, "ls(x2)": 0.2632406949996948}, "epoch_51": {"ls(x1)": -0.9778268337249756, "ls(x2)": 0.26447296142578125}, "epoch_52": {"ls(x1)": -0.9203894138336182, "ls(x2)": 0.2441219985485077}, "epoch_53": {"ls(x1)": -0.9340080618858337, "ls(x2)": 0.2810569405555725}, "epoch_54": {"ls(x1)": -0.86335289478302, "ls(x2)": 0.2727561891078949}, "epoch_55": {"ls(x1)": -0.8752583265304565, "ls(x2)": 0.2793935239315033}, "epoch_56": {"ls(x1)": -0.8867735862731934, "ls(x2)": 0.2525292634963989}, "epoch_57": {"ls(x1)": -0.8148907423019409, "ls(x2)": 0.2226392775774002}, "epoch_58": {"ls(x1)": -0.7966709136962891, "ls(x2)": 0.24343086779117584}, "epoch_59": {"ls(x1)": -0.8234487771987915, "ls(x2)": 0.29131343960762024}, "epoch_60": {"ls(x1)": -0.7749117016792297, "ls(x2)": 0.2511838972568512}, "epoch_61": {"ls(x1)": -0.7526572346687317, "ls(x2)": 0.2652098834514618}, "epoch_62": {"ls(x1)": -0.7425647377967834, "ls(x2)": 0.26561954617500305}, "epoch_63": {"ls(x1)": -0.7331293225288391, "ls(x2)": 0.2695760130882263}, "epoch_64": {"ls(x1)": -0.7199480533599854, "ls(x2)": 0.2619609832763672}, "epoch_65": {"ls(x1)": -0.6654385924339294, "ls(x2)": 0.3028274476528168}, "epoch_66": {"ls(x1)": -0.7158594131469727, "ls(x2)": 0.2814650237560272}, "epoch_67": {"ls(x1)": -0.6631401181221008, "ls(x2)": 0.29809829592704773}, "epoch_68": {"ls(x1)": -0.6717300415039062, "ls(x2)": 0.270153284072876}, "epoch_69": {"ls(x1)": -0.6367369294166565, "ls(x2)": 0.272125780582428}, "epoch_70": {"ls(x1)": -0.60106360912323, "ls(x2)": 0.2729959785938263}, "epoch_71": {"ls(x1)": -0.5911834239959717, "ls(x2)": 0.25230878591537476}, "epoch_72": {"ls(x1)": -0.5974470376968384, "ls(x2)": 0.269464910030365}, "epoch_73": {"ls(x1)": -0.5731409192085266, "ls(x2)": 0.31415852904319763}, "epoch_74": {"ls(x1)": -0.5437749624252319, "ls(x2)": 0.27607831358909607}, "epoch_75": {"ls(x1)": -0.5341857671737671, "ls(x2)": 0.29861485958099365}, "epoch_76": {"ls(x1)": -0.543977677822113, "ls(x2)": 0.2772621810436249}, "epoch_77": {"ls(x1)": -0.5068448185920715, "ls(x2)": 0.2663778066635132}, "epoch_78": {"ls(x1)": -0.4999805688858032, "ls(x2)": 0.259317010641098}, "epoch_79": {"ls(x1)": -0.47382110357284546, "ls(x2)": 0.2736155390739441}, "epoch_80": {"ls(x1)": -0.48173874616622925, "ls(x2)": 0.2539660930633545}, "epoch_81": {"ls(x1)": -0.500542938709259, "ls(x2)": 0.29767438769340515}, "epoch_82": {"ls(x1)": -0.469489723443985, "ls(x2)": 0.32690417766571045}, "epoch_83": {"ls(x1)": -0.44436219334602356, "ls(x2)": 0.29728013277053833}, "epoch_84": {"ls(x1)": -0.4881574511528015, "ls(x2)": 0.2885514199733734}, "epoch_85": {"ls(x1)": -0.4661032259464264, "ls(x2)": 0.28183650970458984}, "epoch_86": {"ls(x1)": -0.4176240563392639, "ls(x2)": 0.2658628225326538}, "epoch_87": {"ls(x1)": -0.41739410161972046, "ls(x2)": 0.2697518765926361}, "epoch_88": {"ls(x1)": -0.37266138195991516, "ls(x2)": 0.29323676228523254}, "epoch_89": {"ls(x1)": -0.40342193841934204, "ls(x2)": 0.2943560779094696}, "epoch_90": {"ls(x1)": -0.438873291015625, "ls(x2)": 0.3138177990913391}, "epoch_91": {"ls(x1)": -0.40913400053977966, "ls(x2)": 0.28877830505371094}, "epoch_92": {"ls(x1)": -0.41438910365104675, "ls(x2)": 0.29418957233428955}, "epoch_93": {"ls(x1)": -0.3712460398674011, "ls(x2)": 0.3059883713722229}, "epoch_94": {"ls(x1)": -0.35925111174583435, "ls(x2)": 0.28319835662841797}, "epoch_95": {"ls(x1)": -0.3568013310432434, "ls(x2)": 0.2480812519788742}, "epoch_96": {"ls(x1)": -0.33390453457832336, "ls(x2)": 0.27715373039245605}, "epoch_97": {"ls(x1)": -0.37592506408691406, "ls(x2)": 0.30861034989356995}, "epoch_98": {"ls(x1)": -0.31482428312301636, "ls(x2)": 0.26773926615715027}, "epoch_99": {"ls(x1)": -0.3322761058807373, "ls(x2)": 0.27716875076293945}, "epoch_100": {"ls(x1)": -0.3492046296596527, "ls(x2)": 0.30697229504585266}, "epoch_101": {"ls(x1)": -0.3425053060054779, "ls(x2)": 0.2982611358165741}, "epoch_102": {"ls(x1)": -0.32988855242729187, "ls(x2)": 0.25475814938545227}, "epoch_103": {"ls(x1)": -0.3249628245830536, "ls(x2)": 0.2904054522514343}, "epoch_104": {"ls(x1)": -0.33063775300979614, "ls(x2)": 0.3153308033943176}, "epoch_105": {"ls(x1)": -0.32571715116500854, "ls(x2)": 0.24355705082416534}, "epoch_106": {"ls(x1)": -0.32093754410743713,