{"epoch_1": {"ls(x4)": 0.030780278146266937, "ls(x5)": [-0.017094790935516357, 0.33470064401626587, 0.2943706214427948, 0.05631822347640991]}, "epoch_2": {"ls(x4)": 0.05226089060306549, "ls(x5)": [0.07128876447677612, 0.23458632826805115, 0.25581303238868713, 0.13369938731193542]}, "epoch_3": {"ls(x4)": 0.025494778528809547, "ls(x5)": [0.13923828303813934, 0.13683001697063446, 0.19121886789798737, 0.17335262894630432]}, "epoch_4": {"ls(x4)": -0.01581939496099949, "ls(x5)": [0.18504154682159424, 0.051591016352176666, 0.12410976737737656, 0.18328222632408142]}, "epoch_5": {"ls(x4)": -0.05028794705867767, "ls(x5)": [0.2117723822593689, -0.004544258117675781, 0.07612161338329315, 0.17608268558979034]}, "epoch_6": {"ls(x4)": 0.04971201717853546, "ls(x5)": [0.11177249997854233, 0.09545568376779556, 0.1761215329170227, 0.07608284801244736]}, "epoch_7": {"ls(x4)": 0.01659553498029709, "ls(x5)": [0.011744461953639984, 0.13223332166671753, 0.16651897132396698, -0.023280128836631775]}, "epoch_8": {"ls(x4)": -0.028489328920841217, "ls(x5)": [-0.05803272873163223, 0.13101747632026672, 0.12963509559631348, -0.07769155502319336]}, "epoch_9": {"ls(x4)": -0.04648173600435257, "ls(x5)": [-0.0641501322388649, 0.1153470128774643, 0.0948939174413681, -0.06575421988964081]}, "epoch_10": {"ls(x4)": -0.03708266839385033, "ls(x5)": [-0.03771960735321045, 0.09328514337539673, 0.07313261926174164, -0.027577117085456848]}, "epoch_11": {"ls(x4)": -0.017116950824856758, "ls(x5)": [-0.0006138421595096588, 0.06484246999025345, 0.060295261442661285, 0.014199983328580856]}, "epoch_12": {"ls(x4)": -0.0032514510676264763, "ls(x5)": [0.029416725039482117, 0.029110293835401535, 0.04791034385561943, 0.03717762231826782]}, "epoch_13": {"ls(x4)": -0.004682200960814953, "ls(x5)": [0.03930532932281494, -0.011858254671096802, 0.03097047284245491, 0.031626250594854355]}, "epoch_14": {"ls(x4)": -0.018491648137569427, "ls(x5)": [0.028443997725844383, -0.05237516015768051, 0.010695192962884903, 0.004378383979201317]}, "epoch_15": {"ls(x4)": -0.03586071357131004, "ls(x5)": [0.002845754846930504, -0.08438549935817719, -0.007745737209916115, -0.03572337329387665]}, "epoch_16": {"ls(x4)": -0.04710709676146507, "ls(x5)": [-0.031084509566426277, -0.10158948600292206, -0.019178036600351334, -0.0812821164727211]}, "epoch_17": {"ls(x4)": -0.04679539054632187, "ls(x5)": [-0.06826195120811462, -0.10400266200304031, -0.02256489358842373, -0.12634199857711792]}, "epoch_18": {"ls(x4)": -0.0362359993159771, "ls(x5)": [-0.10553063452243805, -0.09715159982442856, -0.02210265025496483, -0.16723215579986572]}, "epoch_19": {"ls(x4)": -0.021007882431149483, "ls(x5)": [-0.1415986865758896, -0.08929076790809631, -0.025128256529569626, -0.20295751094818115]}, "epoch_20": {"ls(x4)": -0.007872792892158031, "ls(x5)": [-0.17619416117668152, -0.08899199962615967, -0.03832264244556427, -0.2342715859413147]}}