{"epoch_1": [[-6.982268810272217], [-6.472342014312744], [-6.091277122497559], [-5.277945518493652], [-4.51535701751709], [-3.3234269618988037], [-2.9374544620513916], [-2.5545520782470703], [-1.7362232208251953], [-1.0783720016479492], [-0.7151393890380859], [-0.05928850173950195], [0.4719061851501465], [1.1141748428344727], [1.710738182067871], [2.3119258880615234], [3.565526008605957], [4.792084693908691], [5.265848159790039], [6.621086120605469]], "epoch_2": [[-6.960322380065918], [-6.409273624420166], [-5.99544620513916], [-5.125303745269775], [-4.308192253112793], [-3.045722484588623], [-2.626648426055908], [-2.21085786819458], [-1.3355050086975098], [-0.6282644271850586], [-0.23352479934692383], [0.47160768508911133], [1.045180320739746], [1.7360191345214844], [2.378692626953125], [3.026247024536133], [4.352138519287109], [5.650226593017578], [6.16286563873291], [7.593026161193848]], "epoch_3": [[-6.986693382263184], [-6.3921308517456055], [-5.943324565887451], [-5.014054775238037], [-4.140059471130371], [-2.8052244186401367], [-2.3508219718933105], [-1.8999242782592773], [-0.9652466773986816], [-0.20621156692504883], [0.22220325469970703], [0.9790148735046387], [1.5973529815673828], [2.3391599655151367], [3.030350685119629], [3.726681709289551], [5.12657356262207], [6.497941017150879], [7.051804542541504], [8.558402061462402]], "epoch_4": [[-7.028531551361084], [-6.388050079345703], [-5.901981353759766], [-4.911344051361084], [-3.9781620502471924], [-2.5692806243896484], [-2.0772528648376465], [-1.588961124420166], [-0.592740535736084], [0.2204585075378418], [0.684786319732666], [1.495635986328125], [2.161134719848633], [2.95627498626709], [3.698373794555664], [4.445876121520996], [5.921320915222168], [7.367568016052246], [7.965044021606445], [9.549443244934082]], "epoch_5": [[-7.06561803817749], [-6.376814842224121], [-5.851141452789307], [-4.796985626220703], [-3.80238676071167], [-2.317925453186035], [-1.785916805267334], [-1.2578835487365723], [-0.1979990005493164], [0.6716814041137695], [1.1742210388183594], [2.0414113998413086], [2.7564563751220703], [3.6072473526000977], [4.402612686157227], [5.203652381896973], [6.756039619445801], [8.278610229492188], [8.922114372253418], [10.58552074432373]], "epoch_6": [[-6.965619087219238], [-6.225783824920654], [-5.658010959625244], [-4.537580490112305], [-3.478814125061035], [-1.9161548614501953], [-1.3416705131530762], [-0.7713971138000488], [0.35495805740356445], [1.283940315246582], [1.8271827697753906], [2.753572463989258], [3.5209484100341797], [4.430248260498047], [5.281705856323242], [6.139091491699219], [7.771122932434082], [9.372715950012207], [10.064921379089355], [11.81013011932373]], "epoch_7": [[-7.007404804229736], [-6.214095115661621], [-5.601803779602051], [-4.413014888763428], [-3.2879226207733154], [-1.6455836296081543], [-1.02620267868042], [-0.4112725257873535], [0.7836184501647949], [1.7741918563842773], [2.360529899597168], [3.3484020233154297], [4.1705121994018555], [5.140617370605469], [6.050514221191406], [6.966590881347656], [8.679631233215332], [10.361647605895996], [11.104981422424316], [12.933178901672363]], "epoch_8": [[-7.058821678161621], [-6.209624290466309], [-5.550355434417725], [-4.2912092208862305], [-3.097703695297241], [-1.374311923980713], [-0.7075724601745605], [-0.045528411865234375], [1.2198724746704102], [2.2742671966552734], [2.906134605407715], [3.957712173461914], [4.8369340896606445], [5.870082855224609], [6.840723037719727], [7.817793846130371], [9.613089561462402], [11.37682056427002], [12.173718452453613], [14.085993766784668]], "epoch_9": [[-7.080448150634766], [-6.173002243041992], [-5.464282989501953], [-4.132894992828369], [-2.868990898132324], [-1.0633163452148438], [-0.3467392921447754], [0.36489152908325195], [1.702651023864746], [2.823000907897949], [3.5028505325317383], [4.6202545166015625], [5.5589094161987305], [6.657242774963379], [7.690850257873535], [8.731139183044434], [10.609776496887207], [12.4563570022583], [13.309224128723145], [15.306517601013184]], "epoch_10": [[-7.075141429901123], [-6.107170581817627], [-5.346549034118652], [-3.9411985874176025], [-2.6050682067871094], [-0.7160763740539551], [0.05279064178466797], [0.8164539337158203], [2.2282419204711914], [3.416532516479492], [4.14678955078125], [5.331986427307129], [6.332276344299316], [7.497779846191406], [8.596437454223633], [9.70202350616455], [11.664860725402832], [13.595194816589355], [14.50635051727295], [16.589344024658203]], "epoch_11": [[-7.062658786773682], [-6.031999111175537], [-5.217075824737549], [-3.736243724822998], [-2.3262534141540527], [-0.35314321517944336], [0.47040462493896484], [1.2884817123413086], [2.7757482528686523], [4.033771514892578], [4.816799163818359], [6.071550369262695], [7.135515213012695], [8.369966506958008], [9.535563468933105], [10.708338737487793], [12.755959510803223], [14.770676612854004], [15.742291450500488], [17.911354064941406]], "epoch_12": [[-7.062779426574707], [-5.967398643493652], [-5.095851898193359], [-3.538231611251831], [-2.052957057952881], [0.0048351287841796875], [0.8853640556335449], [1.7601451873779297], [3.3241052627563477], [4.653443336486816], [5.491507530212402], [6.817351341247559], [7.946839332580566], [9.251786231994629], [10.485991477966309], [11.727631568908691], [13.86034107208252], [15.959786415100098], [16.993854522705078], [19.249034881591797]], "epoch_13": [[-7.083676338195801], [-5.921679973602295], [-4.991273403167725], [-3.3557591438293457], [-1.793975830078125], [0.34885072708129883], [1.288564682006836], [2.222240447998047], [3.863888740539551], [5.265912055969238], [6.161177635192871], [7.559431076049805], [8.756094932556152], [10.132855415344238], [11.437125205993652], [12.749085426330566], [14.96694278717041], [17.151206970214844], [18.24954605102539], [20.590606689453125]], "epoch_14": [[-7.1201171875], [-5.889746189117432], [-4.898327827453613], [-3.1839842796325684], [-1.5446372032165527], [0.683408260345459], [1.6844186782836914], [2.6790828704833984], [4.399222373962402], [5.875116348266602], [6.829642295837402], [8.301424026489258], [9.566737174987793], [11.016425132751465], [12.39201831817627], [13.775559425354004], [16.078418731689453], [18.347393035888672], [19.511642456054688], [21.938140869140625]], "epoch_15": [[-7.163690567016602], [-5.863317489624023], [-4.8088154792785645], [-3.01485276222229], [-1.297032356262207], [1.016284465789795], [2.080613136291504], [3.1382675170898438], [4.937535285949707], [6.488317489624023], [7.504061698913574], [9.050311088562012], [10.385579109191895], [11.909123420715332], [13.3571138381958], [14.813321113586426], [17.20086669921875], [19.554275512695312], [20.78592300415039], [23.297218322753906]], "epoch_16": [[-7.2060041427612305], [-5.834136962890625], [-4.714569091796875], [-2.8403329849243164], [-1.0432658195495605], [1.3552560806274414], [2.4848289489746094], [3.6073741912841797], [5.486249923706055], [7.112773895263672], [8.191583633422852], [9.813063621520996], [11.219420433044434], [12.8175687789917], [14.338852882385254], [15.868626594543457], [18.34040069580078], [20.77780532836914], [22.078170776367188], [24.673465728759766]], "epoch_17": [[-7.241556167602539], [-5.796846866607666], [-4.610337257385254], [-2.6553173065185547], [-0.778376579284668], [1.7051591873168945], [2.9017839431762695], [4.090997695922852], [6.049798965454102], [7.752742767333984], [8.896326065063477], [10.593611717224121], [12.072007179260254], [13.745308876037598], [15.340582847595215], [16.94463348388672], [19.50000762939453], [22.020809173583984], [23.391029357910156], [26.069347381591797]],