{
    "x1": [
        0.1009940581302668,
        1.9000651015618704
    ],
    "T": [
        0.0,
        1.0
    ],
    "x2": [
        -1.154666765711843,
        0.05324121686256073
    ],
    "y": [
        0.6959097164097403,
        7.699239462918394
    ]
}