{"epoch_1": {"ls(x1)": -0.7468459606170654, "ls(T)": -0.7242633104324341, "ls(x2)": -0.34790754318237305}, "epoch_2": {"ls(x1)": -0.7368529438972473, "ls(T)": -0.7142705321311951, "ls(x2)": -0.35790032148361206}, "epoch_3": {"ls(x1)": -0.7268719673156738, "ls(T)": -0.7042902708053589, "ls(x2)": -0.3678806722164154}, "epoch_4": {"ls(x1)": -0.7169085144996643, "ls(T)": -0.6943281292915344, "ls(x2)": -0.3778429925441742}, "epoch_5": {"ls(x1)": -0.706968367099762, "ls(T)": -0.6843900680541992, "ls(x2)": -0.3877813518047333}, "epoch_6": {"ls(x1)": -0.6970576047897339, "ls(T)": -0.6744824051856995, "ls(x2)": -0.39768946170806885}, "epoch_7": {"ls(x1)": -0.6871827840805054, "ls(T)": -0.6646117568016052, "ls(x2)": -0.4075607359409332}, "epoch_8": {"ls(x1)": -0.6773506999015808, "ls(T)": -0.65478515625, "ls(x2)": -0.4173882007598877}, "epoch_9": {"ls(x1)": -0.6675686240196228, "ls(T)": -0.6450099349021912, "ls(x2)": -0.4271645247936249}, "epoch_10": {"ls(x1)": -0.657844066619873, "ls(T)": -0.6352937817573547, "ls(x2)": -0.43688201904296875}}