{"epoch_1": [[-6.532256603240967], [-5.889554977416992], [-5.377281188964844], [-5.03814697265625], [-4.50368595123291], [-3.9941353797912598], [-3.5501718521118164], [-3.0035512447357178], [-2.2250733375549316], [-1.4007458686828613], [-0.2775411605834961], [0.5788359642028809], [1.870737075805664], [2.240499496459961], [2.686467170715332], [3.1465511322021484], [4.204255104064941], [5.087034225463867], [5.664528846740723], [6.316132545471191]], "epoch_2": [[-6.522263526916504], [-5.874808311462402], [-5.358514308929443], [-5.016493797302246], [-4.477880954742432], [-3.9643266201019287], [-3.5167670249938965], [-2.965923547744751], [-2.18202543258667], [-1.3520722389221191], [-0.22211122512817383], [0.6400299072265625], [1.9391908645629883], [2.3120555877685547], [2.761631965637207], [3.2254152297973633], [4.2896575927734375], [5.178311347961426], [5.760205268859863], [6.416608810424805]], "epoch_3": [[-6.51228141784668], [-5.860049247741699], [-5.339712142944336], [-4.994785308837891], [-4.451996803283691], [-3.934415340423584], [-3.483236789703369], [-2.928147315979004], [-2.1388063430786133], [-1.3032054901123047], [-0.16647052764892578], [0.7014565467834473], [2.0078954696655273], [2.3838815689086914], [2.837090492248535], [3.304595947265625], [4.375396728515625], [5.2699480056762695], [5.856265068054199], [6.51749324798584]], "epoch_4": [[-6.502316474914551], [-5.845283031463623], [-5.320879936218262], [-4.973027229309082], [-4.426039695739746], [-3.904407501220703], [-3.4495880603790283], [-2.8902292251586914], [-2.0954232215881348], [-1.2541546821594238], [-0.11062860488891602], [0.7631044387817383], [2.0768356323242188], [2.455965995788574], [2.9128284454345703], [3.384078025817871], [4.461459159851074], [5.361931800842285], [5.952695846557617], [6.618772506713867]], "epoch_5": [[-6.492373466491699], [-5.830515384674072], [-5.302024841308594], [-4.951225280761719], [-4.4000163078308105], [-3.8743107318878174], [-3.415827989578247], [-2.852177619934082], [-2.0518856048583984], [-1.2049298286437988], [-0.05459880828857422], [0.8249597549438477], [2.145998954772949], [2.528291702270508], [2.98883056640625], [3.463848114013672], [4.54782772064209], [5.454242706298828], [6.049477577209473], [6.720426559448242]], "epoch_6": [[-6.482458591461182], [-5.8157525062561035], [-5.283152103424072], [-4.929386615753174], [-4.3739333152771], [-3.8441319465637207], [-3.3819642066955566], [-2.813999652862549], [-2.0082015991210938], [-1.1555404663085938], [0.0016074180603027344], [0.8870096206665039], [2.215367317199707], [2.6008453369140625], [3.065082550048828], [3.543889045715332], [4.634486198425293], [5.546866416931152], [6.146595001220703], [6.822440147399902]], "epoch_7": [[-6.472577095031738], [-5.801000595092773], [-5.264269828796387], [-4.90751838684082], [-4.3477983474731445], [-3.8138785362243652], [-3.3480043411254883], [-2.7757043838500977], [-1.964381217956543], [-1.1059985160827637], [0.05797624588012695], [0.9492392539978027], [2.2849273681640625], [2.6736087799072266], [3.141566276550293], [3.624185562133789], [4.721418380737305], [5.639782905578613], [6.2440290451049805], [6.9247941970825195]], "epoch_8": [[-6.462736129760742], [-5.786266803741455], [-5.24538516998291], [-4.8856282234191895], [-4.321619033813477], [-3.7835590839385986], [-3.3139567375183105], [-2.737299919128418], [-1.9204339981079102], [-1.0563154220581055], [0.11449480056762695], [1.0116329193115234], [2.3546600341796875], [2.7465667724609375], [3.2182655334472656], [3.704718589782715], [4.8086042404174805], [5.732975006103516], [6.341761589050293], [7.027468681335449]], "epoch_9": [[-6.452941417694092], [-5.771557807922363], [-5.226504802703857], [-4.863723278045654], [-4.295403480529785], [-3.7531819343566895], [-3.2798306941986084], [-2.698796272277832], [-1.8763704299926758], [-1.0065031051635742], [0.17114782333374023], [1.0741748809814453], [2.424549102783203], [2.819699287414551], [3.295161247253418], [3.7854690551757812], [4.896025657653809], [5.826420783996582], [6.439770698547363], [7.1304426193237305]], "epoch_10": [[-6.443200588226318], [-5.756880760192871], [-5.207637786865234], [-4.8418121337890625], [-4.269160747528076], [-3.7227556705474854], [-3.2456347942352295], [-2.660202980041504], [-1.8322019577026367], [-0.956573486328125], [0.2279210090637207], [1.1368484497070312], [2.4945755004882812], [2.892989158630371], [3.372234344482422], [3.866419792175293], [4.983660697937012], [5.920101165771484], [6.5380353927612305], [7.233695030212402]]}