{"epoch_1": {"shift_0": [[-1.0737231969833374]]}, "epoch_2": {"shift_0": [[-1.379168152809143]]}, "epoch_3": {"shift_0": [[-1.5915027856826782]]}, "epoch_4": {"shift_0": [[-1.4502685070037842]]}, "epoch_5": {"shift_0": [[-1.264997124671936]]}, "epoch_6": {"shift_0": [[-1.1693730354309082]]}, "epoch_7": {"shift_0": [[-1.027560830116272]]}, "epoch_8": {"shift_0": [[-0.9724382758140564]]}, "epoch_9": {"shift_0": [[-0.8478006720542908]]}, "epoch_10": {"shift_0": [[-0.7775473594665527]]}, "epoch_11": {"shift_0": [[-0.5410659909248352]]}, "epoch_12": {"shift_0": [[-0.5610389113426208]]}, "epoch_13": {"shift_0": [[-0.5419777631759644]]}, "epoch_14": {"shift_0": [[-0.42446619272232056]]}, "epoch_15": {"shift_0": [[-0.27034464478492737]]}, "epoch_16": {"shift_0": [[-0.22001750767230988]]}, "epoch_17": {"shift_0": [[-0.11729174852371216]]}, "epoch_18": {"shift_0": [[-0.13726037740707397]]}, "epoch_19": {"shift_0": [[-0.0773102417588234]]}, "epoch_20": {"shift_0": [[-0.010453375056385994]]}, "epoch_21": {"shift_0": [[0.05108996853232384]]}, "epoch_22": {"shift_0": [[0.06202143803238869]]}, "epoch_23": {"shift_0": [[0.18373817205429077]]}, "epoch_24": {"shift_0": [[0.23621398210525513]]}, "epoch_25": {"shift_0": [[0.17829276621341705]]}, "epoch_26": {"shift_0": [[0.2637597918510437]]}, "epoch_27": {"shift_0": [[0.22659528255462646]]}, "epoch_28": {"shift_0": [[0.2806895077228546]]}, "epoch_29": {"shift_0": [[0.37322720885276794]]}, "epoch_30": {"shift_0": [[0.35498714447021484]]}, "epoch_31": {"shift_0": [[0.5191885828971863]]}, "epoch_32": {"shift_0": [[0.45297300815582275]]}, "epoch_33": {"shift_0": [[0.506757915019989]]}, "epoch_34": {"shift_0": [[0.5610934495925903]]}, "epoch_35": {"shift_0": [[0.57196044921875]]}, "epoch_36": {"shift_0": [[0.6133026480674744]]}, "epoch_37": {"shift_0": [[0.5943453311920166]]}, "epoch_38": {"shift_0": [[0.6359310746192932]]}, "epoch_39": {"shift_0": [[0.6273705959320068]]}, "epoch_40": {"shift_0": [[0.6447964906692505]]}, "epoch_41": {"shift_0": [[0.7875094413757324]]}, "epoch_42": {"shift_0": [[0.6646565794944763]]}, "epoch_43": {"shift_0": [[0.811064600944519]]}, "epoch_44": {"shift_0": [[0.7676204442977905]]}, "epoch_45": {"shift_0": [[0.794891893863678]]}, "epoch_46": {"shift_0": [[0.7731292247772217]]}, "epoch_47": {"shift_0": [[0.7674975991249084]]}, "epoch_48": {"shift_0": [[0.749592661857605]]}, "epoch_49": {"shift_0": [[0.8658309578895569]]}, "epoch_50": {"shift_0": [[0.8450125455856323]]}, "epoch_51": {"shift_0": [[0.7561789751052856]]}, "epoch_52": {"shift_0": [[0.8481457829475403]]}, "epoch_53": {"shift_0": [[0.9045296311378479]]}, "epoch_54": {"shift_0": [[0.9116913080215454]]}, "epoch_55": {"shift_0": [[0.9453368782997131]]}, "epoch_56": {"shift_0": [[0.9495740532875061]]}, "epoch_57": {"shift_0": [[0.8642705678939819]]}, "epoch_58": {"shift_0": [[0.9131774306297302]]}, "epoch_59": {"shift_0": [[0.8932752013206482]]}, "epoch_60": {"shift_0": [[0.9216898083686829]]}, "epoch_61": {"shift_0": [[0.8907891511917114]]}, "epoch_62": {"shift_0": [[0.960522472858429]]}, "epoch_63": {"shift_0": [[0.9984763264656067]]}, "epoch_64": {"shift_0": [[1.0125024318695068]]}, "epoch_65": {"shift_0": [[0.9959864616394043]]}, "epoch_66": {"shift_0": [[1.0008867979049683]]}, "epoch_67": {"shift_0": [[1.0291155576705933]]}, "epoch_68": {"shift_0": [[1.093188762664795]]}, "epoch_69": {"shift_0": [[1.136210560798645]]}, "epoch_70": {"shift_0": [[1.0832672119140625]]}, "epoch_71": {"shift_0": [[1.1236834526062012]]}, "epoch_72": {"shift_0": [[1.1298474073410034]]}, "epoch_73": {"shift_0": [[1.0797898769378662]]}, "epoch_74": {"shift_0": [[1.0897343158721924]]}, "epoch_75": {"shift_0": [[1.0470223426818848]]}, "epoch_76": {"shift_0": [[1.0594667196273804]]}, "epoch_77": {"shift_0": [[1.053086519241333]]}, "epoch_78": {"shift_0": [[1.0375189781188965]]}, "epoch_79": {"shift_0": [[1.0758737325668335]]}, "epoch_80": {"shift_0": [[1.1204146146774292]]}, "epoch_81": {"shift_0": [[1.1054915189743042]]}, "epoch_82": {"shift_0": [[1.1224985122680664]]}, "epoch_83": {"shift_0": [[1.1300550699234009]]}, "epoch_84": {"shift_0": [[1.1558786630630493]]}, "epoch_85": {"shift_0": [[1.2100121974945068]]}, "epoch_86": {"shift_0": [[1.1566174030303955]]}, "epoch_87": {"shift_0": [[1.167797327041626]]}, "epoch_88": {"shift_0": [[1.1457067728042603]]}, "epoch_89": {"shift_0": [[1.2133169174194336]]}, "epoch_90": {"shift_0": [[1.1566212177276611]]}, "epoch_91": {"shift_0": [[1.2210859060287476]]}, "epoch_92": {"shift_0": [[1.1429725885391235]]}, "epoch_93": {"shift_0": [[1.3171643018722534]]}, "epoch_94": {"shift_0": [[1.1774921417236328]]}, "epoch_95": {"shift_0": [[1.168233871459961]]}, "epoch_96": {"shift_0": [[1.2751214504241943]]}, "epoch_97": {"shift_0": [[1.1994409561157227]]}, "epoch_98": {"shift_0": [[1.2657018899917603]]}, "epoch_99": {"shift_0": [[1.1475812196731567]]}, "epoch_100": {"shift_0": [[1.1936217546463013]]}, "epoch_101": {"shift_0": [[1.3111851215362549]]}, "epoch_102": {"shift_0": [[1.276833176612854]]}, "epoch_103": {"shift_0": [[1.3804575204849243]]}, "epoch_104": {"shift_0": [[1.360421061515808]]}, "epoch_105": {"shift_0": [[1.4337940216064453]]}, "epoch_106": {"shift_0": [[1.4012504816055298]]}, "epoch_107": {"shift_0": [[1.4361790418624878]]}, "epoch_108": {"shift_0": [[1.3886674642562866]]}, "epoch_109": {"shift_0": [[1.4621570110321045]]}, "epoch_110": {"shift_0": [[1.3673614263534546]]}, "epoch_111": {"shift_0": [[1.4206773042678833]]}, "epoch_112": {"shift_0": [[1.4328967332839966]]}, "epoch_113": {"shift_0": [[1.483554482460022]]}, "epoch_114": {"shift_0": [[1.4024059772491455]]}, "epoch_115": {"shift_0": [[1.4969477653503418]]}, "epoch_116": {"shift_0": [[1.41061270236969]]}, "epoch_117": {"shift_0": [[1.4832873344421387]]}, "epoch_118": {"shift_0": [[1.4782342910766602]]}, "epoch_119": {"shift_0": [[1.4397263526916504]]}, "epoch_120": {"shift_0": [[1.5194101333618164]]}, "epoch_121": {"shift_0": [[1.4933664798736572]]}, "epoch_122": {"shift_0": [[1.440453290939331]]}, "epoch_123": {"shift_0": [[1.5186090469360352]]}, "epoch_124": {"shift_0": [[1.434743046760559]]}, "epoch_125": {"shift_0": [[1.4553706645965576]]}, "epoch_126": {"shift_0": [[1.4599987268447876]]}, "epoch_127": {"shift_0": [[1.5061171054840088]]}, "epoch_128": {"shift_0": [[1.5143250226974487]]}, "epoch_129": {"shift_0": [[1.5107860565185547]]}, "epoch_130": {"shift_0": [[1.5166492462158203]]}, "epoch_131": {"shift_0": [[1.515156626701355]]}, "epoch_132": {"shift_0": [[1.4253511428833008]]}, "epoch_133": {"shift_0": [[1.5786055326461792]]}, "epoch_134": {"shift_0": [[1.4756646156311035]]}, "epoch_135": {"shift_0": [[1.415661096572876]]}, "epoch_136": {"shift_0": [[1.4942653179168701]]}, "epoch_137": {"shift_0": [[1.364624261856079]]}, "epoch_138": {"shift_0": [[1.4922724962234497]]}, "epoch_139": {"shift_0": [[1.4690767526626587]]}, "epoch_140": {"shift_0": [[1.5022132396697998]]}, "epoch_141": {"shift_0": [[1.5222469568252563]]}, "epoch_142": {"shift_0": [[1.511705994606018]]}, "epoch_143": {"shift_0": [[1.4652663469314575]]}, "epoch_144": {"shift_0": [[1.518762469291687]]}, "epoch_145": {"shift_0": [[1.4928256273269653]]}, "epoch_146": {"shift_0": [[1.455066204071045]]}, "epoch_147": {"shift_0": [[1.6121383905410767]]}, "epoch_148": {"shift_0": [[1.4947251081466675]]}, "epoch_149": {"shift_0": [[1.543157935142517]]}, "epoch_150": {"shift_0": [[1.5177826881408691]]}, "epoch_151": {"shift_0": [[1.4809625148773193]]}, "epoch_152": {"shift_0": [[1.4724699258804321]]}, "epoch_153": {"shift_0": [[1.5305957794189453]]}, "epoch_154": {"shift_0": [[1.5328266620635986]]}, "epoch_155": {"shift_0": [[1.5077097415924072]]}, "epoch_156": {"shift_0": [[1.5257736444473267]]}, "epoch_157": {"shift_0": [[1.5560293197631836]]}, "epoch_158": {"shift_0": [[1.51377534866333]]}, "epoch_159": {"shift_0": [[1.5882673263549805]]}, "epoch_160": {"shift_0": [[1.5003279447555542]]}, "epoch_161": {"shift_0": [[1.5414412021636963]]}, "epoch_162": {"shift_0": [[1.5534124374389648]]},