{"epoch_1": {"shift_0": [[-0.17445316910743713]]}, "epoch_2": {"shift_0": [[-1.2260619401931763]]}, "epoch_3": {"shift_0": [[-1.5367822647094727]]}, "epoch_4": {"shift_0": [[-1.684180736541748]]}, "epoch_5": {"shift_0": [[-1.6265751123428345]]}, "epoch_6": {"shift_0": [[-1.5219135284423828]]}, "epoch_7": {"shift_0": [[-1.4336012601852417]]}, "epoch_8": {"shift_0": [[-1.2702051401138306]]}, "epoch_9": {"shift_0": [[-1.147767424583435]]}, "epoch_10": {"shift_0": [[-1.1655738353729248]]}, "epoch_11": {"shift_0": [[-0.9761914610862732]]}, "epoch_12": {"shift_0": [[-0.9488042593002319]]}, "epoch_13": {"shift_0": [[-0.7899317145347595]]}, "epoch_14": {"shift_0": [[-0.7855439782142639]]}, "epoch_15": {"shift_0": [[-0.6454154253005981]]}, "epoch_16": {"shift_0": [[-0.5937151312828064]]}, "epoch_17": {"shift_0": [[-0.5217073559761047]]}, "epoch_18": {"shift_0": [[-0.5356635451316833]]}, "epoch_19": {"shift_0": [[-0.24754562973976135]]}, "epoch_20": {"shift_0": [[-0.3748514652252197]]}, "epoch_21": {"shift_0": [[-0.15674974024295807]]}, "epoch_22": {"shift_0": [[-0.1931925266981125]]}, "epoch_23": {"shift_0": [[-0.07899642735719681]]}, "epoch_24": {"shift_0": [[-0.055278562009334564]]}, "epoch_25": {"shift_0": [[0.0764516070485115]]}, "epoch_26": {"shift_0": [[0.06815135478973389]]}, "epoch_27": {"shift_0": [[0.103505440056324]]}, "epoch_28": {"shift_0": [[0.19167225062847137]]}, "epoch_29": {"shift_0": [[0.1895691454410553]]}, "epoch_30": {"shift_0": [[0.39844730496406555]]}, "epoch_31": {"shift_0": [[0.32702845335006714]]}, "epoch_32": {"shift_0": [[0.42190462350845337]]}, "epoch_33": {"shift_0": [[0.47336599230766296]]}, "epoch_34": {"shift_0": [[0.5066588521003723]]}, "epoch_35": {"shift_0": [[0.5398119688034058]]}, "epoch_36": {"shift_0": [[0.5958274006843567]]}, "epoch_37": {"shift_0": [[0.6627259254455566]]}, "epoch_38": {"shift_0": [[0.5944021344184875]]}, "epoch_39": {"shift_0": [[0.8633790612220764]]}, "epoch_40": {"shift_0": [[0.6829080581665039]]}, "epoch_41": {"shift_0": [[0.740421712398529]]}, "epoch_42": {"shift_0": [[0.9345329999923706]]}, "epoch_43": {"shift_0": [[0.8351156711578369]]}, "epoch_44": {"shift_0": [[0.9485106468200684]]}, "epoch_45": {"shift_0": [[1.0212819576263428]]}, "epoch_46": {"shift_0": [[0.9805156588554382]]}, "epoch_47": {"shift_0": [[1.0157767534255981]]}, "epoch_48": {"shift_0": [[1.1205775737762451]]}, "epoch_49": {"shift_0": [[1.003628134727478]]}, "epoch_50": {"shift_0": [[1.14937162399292]]}, "epoch_51": {"shift_0": [[1.168355941772461]]}, "epoch_52": {"shift_0": [[1.1791658401489258]]}, "epoch_53": {"shift_0": [[1.2081913948059082]]}, "epoch_54": {"shift_0": [[1.3882184028625488]]}, "epoch_55": {"shift_0": [[1.1873282194137573]]}, "epoch_56": {"shift_0": [[1.237244725227356]]}, "epoch_57": {"shift_0": [[1.3740735054016113]]}, "epoch_58": {"shift_0": [[1.2075122594833374]]}, "epoch_59": {"shift_0": [[1.3007317781448364]]}, "epoch_60": {"shift_0": [[1.3312292098999023]]}, "epoch_61": {"shift_0": [[1.3847620487213135]]}, "epoch_62": {"shift_0": [[1.4307199716567993]]}, "epoch_63": {"shift_0": [[1.4785877466201782]]}, "epoch_64": {"shift_0": [[1.3503280878067017]]}, "epoch_65": {"shift_0": [[1.4925754070281982]]}, "epoch_66": {"shift_0": [[1.5542206764221191]]}, "epoch_67": {"shift_0": [[1.4350425004959106]]}, "epoch_68": {"shift_0": [[1.5601524114608765]]}, "epoch_69": {"shift_0": [[1.5549806356430054]]}, "epoch_70": {"shift_0": [[1.5638083219528198]]}, "epoch_71": {"shift_0": [[1.5073062181472778]]}, "epoch_72": {"shift_0": [[1.6702120304107666]]}, "epoch_73": {"shift_0": [[1.6152116060256958]]}, "epoch_74": {"shift_0": [[1.614554524421692]]}, "epoch_75": {"shift_0": [[1.7188161611557007]]}, "epoch_76": {"shift_0": [[1.514727234840393]]}, "epoch_77": {"shift_0": [[1.5940073728561401]]}, "epoch_78": {"shift_0": [[1.612954020500183]]}, "epoch_79": {"shift_0": [[1.611227035522461]]}, "epoch_80": {"shift_0": [[1.7557114362716675]]}, "epoch_81": {"shift_0": [[1.8139362335205078]]}, "epoch_82": {"shift_0": [[1.6500957012176514]]}, "epoch_83": {"shift_0": [[1.5912057161331177]]}, "epoch_84": {"shift_0": [[1.6731395721435547]]}, "epoch_85": {"shift_0": [[1.6985570192337036]]}, "epoch_86": {"shift_0": [[1.8375664949417114]]}, "epoch_87": {"shift_0": [[1.8519423007965088]]}, "epoch_88": {"shift_0": [[1.7101119756698608]]}, "epoch_89": {"shift_0": [[1.695325493812561]]}, "epoch_90": {"shift_0": [[1.778570532798767]]}, "epoch_91": {"shift_0": [[1.7442604303359985]]}, "epoch_92": {"shift_0": [[1.8784617185592651]]}, "epoch_93": {"shift_0": [[1.8457889556884766]]}, "epoch_94": {"shift_0": [[1.7776050567626953]]}, "epoch_95": {"shift_0": [[1.785740613937378]]}, "epoch_96": {"shift_0": [[1.6816842555999756]]}, "epoch_97": {"shift_0": [[1.8246570825576782]]}, "epoch_98": {"shift_0": [[1.8884663581848145]]}, "epoch_99": {"shift_0": [[1.868004322052002]]}, "epoch_100": {"shift_0": [[1.7907823324203491]]}}