{
    "x1": [
        -1.7213613566345958,
        1.5648967093361792
    ],
    "x2": [
        0.0,
        1.0
    ],
    "x3": [
        0.0,
        2.0
    ],
    "x4": [
        0.06519152174460871,
        2.5576339536197574
    ],
    "x5": [
        0.0,
        3.0
    ],
    "x6": [
        0.05744488626167508,
        2.773203292203184
    ],
    "x7": [
        0.0,
        4.0
    ]
}