{
    "x1": [
        -1.593591371909215,
        1.6948321268824755
    ],
    "x2": [
        0.0,
        1.0
    ],
    "x3": [
        0.0,
        2.0
    ],
    "x4": [
        0.0498174595361848,
        2.981529382586067
    ],
    "x5": [
        0.0,
        3.0
    ],
    "x6": [
        0.06173486958974879,
        3.169105425758304
    ],
    "x7": [
        0.0,
        4.0
    ]
}