{
    "x1": [
        -1.5209025534895586,
        1.6230588906972647
    ],
    "x2": [
        0.0,
        1.0
    ],
    "x3": [
        0.0,
        2.0
    ],
    "x4": [
        0.05573590608978033,
        2.7618802645353124
    ],
    "x5": [
        0.0,
        3.0
    ],
    "x6": [
        0.050243926586147195,
        2.9630975453201147
    ],
    "x7": [
        0.0,
        4.0
    ]
}