{
    "x1": [
        -1.7091889291627884,
        1.787264462357384
    ],
    "x2": [
        0.0,
        1.0
    ],
    "x3": [
        0.0,
        2.0
    ],
    "x4": [
        0.056235431503723655,
        3.0567514596378897
    ],
    "x5": [
        0.0,
        3.0
    ],
    "x6": [
        0.051018166901077154,
        2.8849761622214465
    ],
    "x7": [
        0.0,
        4.0
    ]
}