{
    "x1": [
        -1.66411261559758,
        1.652343528938821
    ],
    "x2": [
        0.0,
        1.0
    ],
    "x3": [
        0.0,
        2.0
    ],
    "x4": [
        0.05995608022646802,
        2.9095595104177576
    ],
    "x5": [
        0.0,
        3.0
    ],
    "x6": [
        0.04268380553428037,
        2.968373151652151
    ],
    "x7": [
        0.0,
        4.0
    ]
}