{"epoch_1": {"ls(x3)": [0.6544255614280701, -0.29643386602401733, -0.3347971439361572]}, "epoch_2": {"ls(x3)": [0.7183865308761597, -0.19792479276657104, -0.2360459268093109]}, "epoch_3": {"ls(x3)": [0.7100934982299805, -0.10304249823093414, -0.14027133584022522]}, "epoch_4": {"ls(x3)": [0.6626356244087219, -0.01491113007068634, -0.04993807524442673]}, "epoch_5": {"ls(x3)": [0.5966159105300903, 0.06294595450162888, 0.03219061344861984]}, "epoch_6": {"ls(x3)": [0.4966159462928772, -0.03705389052629471, 0.1321902573108673]}, "epoch_7": {"ls(x3)": [0.40619611740112305, 0.017195183783769608, 0.21835574507713318]}, "epoch_8": {"ls(x3)": [0.3377060294151306, 0.09332767128944397, 0.30912309885025024]}, "epoch_9": {"ls(x3)": [0.29463863372802734, 0.17763547599315643, 0.40283170342445374]}, "epoch_10": {"ls(x3)": [0.27134233713150024, 0.26269394159317017, 0.48632121086120605]}, "epoch_11": {"ls(x3)": [0.26008009910583496, 0.3385316729545593, 0.5315420627593994]}, "epoch_12": {"ls(x3)": [0.25480255484580994, 0.3932611644268036, 0.5328575968742371]}, "epoch_13": {"ls(x3)": [0.2525717318058014, 0.42178505659103394, 0.5056990385055542]}, "epoch_14": {"ls(x3)": [0.2534542977809906, 0.4279062747955322, 0.46229875087738037]}, "epoch_15": {"ls(x3)": [0.2593194544315338, 0.41840267181396484, 0.41130468249320984]}, "epoch_16": {"ls(x3)": [0.27224260568618774, 0.39962178468704224, 0.36069539189338684]}, "epoch_17": {"ls(x3)": [0.2930508852005005, 0.3766384720802307, 0.3181529939174652]}, "epoch_18": {"ls(x3)": [0.3206693232059479, 0.35284191370010376, 0.28875577449798584]}, "epoch_19": {"ls(x3)": [0.35234013199806213, 0.32975977659225464, 0.27328747510910034]}, "epoch_20": {"ls(x3)": [0.3841131925582886, 0.3074120283126831, 0.26928815245628357]}}