{"epoch_1": [[-0.5913654565811157], [0.6559222936630249], [1.8277603387832642]], "epoch_2": [[-0.688633143901825], [0.4459201693534851], [1.5230166912078857]], "epoch_3": [[-0.7790156602859497], [0.2661271095275879], [1.2997769117355347]], "epoch_4": [[-0.8572543859481812], [0.12529456615447998], [1.164293646812439]], "epoch_5": [[-0.918609082698822], [0.027810394763946533], [1.1039388179779053]], "epoch_6": [[-0.8186091184616089], [0.22734618186950684], [1.4166520833969116]], "epoch_7": [[-0.7694573998451233], [0.3684232831001282], [1.6623096466064453]], "epoch_8": [[-0.7810500860214233], [0.4117288589477539], [1.7655493021011353]], "epoch_9": [[-0.8213831186294556], [0.386205792427063], [1.7492643594741821]], "epoch_10": [[-0.8712484836578369], [0.3296518325805664], [1.6719212532043457]], "epoch_11": [[-0.9148911833763123], [0.2764814496040344], [1.58735990524292]], "epoch_12": [[-0.9388885498046875], [0.25317227840423584], [1.53599214553833]], "epoch_13": [[-0.9406093955039978], [0.26618510484695435], [1.5313482284545898]], "epoch_14": [[-0.9258427619934082], [0.30601513385772705], [1.5641682147979736]], "epoch_15": [[-0.9023703336715698], [0.356838583946228], [1.6147829294204712]], "epoch_16": [[-0.8779733777046204], [0.4003618359565735], [1.6597840785980225]], "epoch_17": [[-0.8592742681503296], [0.42139995098114014], [1.6797972917556763]], "epoch_18": [[-0.8497123122215271], [0.41505199670791626], [1.668269395828247]], "epoch_19": [[-0.848796010017395], [0.3866124153137207], [1.631712794303894]], "epoch_20": [[-0.8532801866531372], [0.34668922424316406], [1.5839437246322632]]}