{"epoch_1": {"shift_0": [[-0.9274128675460815]], "shift_1": [[0.22058020532131195]]}, "epoch_2": {"shift_0": [[-0.7459604144096375]], "shift_1": [[0.13333049416542053]]}, "epoch_3": {"shift_0": [[-0.8208082914352417]], "shift_1": [[0.12900453805923462]]}, "epoch_4": {"shift_0": [[-0.8027399182319641]], "shift_1": [[0.10013840347528458]]}, "epoch_5": {"shift_0": [[-0.7993969321250916]], "shift_1": [[0.1429780125617981]]}, "epoch_6": {"shift_0": [[-0.7892553210258484]], "shift_1": [[0.10995305329561234]]}, "epoch_7": {"shift_0": [[-0.8010817766189575]], "shift_1": [[0.1382630169391632]]}, "epoch_8": {"shift_0": [[-0.8026238083839417]], "shift_1": [[0.1477237492799759]]}, "epoch_9": {"shift_0": [[-0.7982752919197083]], "shift_1": [[0.14129719138145447]]}, "epoch_10": {"shift_0": [[-0.7508116960525513]], "shift_1": [[0.11800814419984818]]}, "epoch_11": {"shift_0": [[-0.7757988572120667]], "shift_1": [[0.12126228213310242]]}, "epoch_12": {"shift_0": [[-0.8004318475723267]], "shift_1": [[0.1292499303817749]]}, "epoch_13": {"shift_0": [[-0.8036280274391174]], "shift_1": [[0.13182583451271057]]}, "epoch_14": {"shift_0": [[-0.7829675078392029]], "shift_1": [[0.12208369374275208]]}, "epoch_15": {"shift_0": [[-0.7962098121643066]], "shift_1": [[0.15834389626979828]]}, "epoch_16": {"shift_0": [[-0.7783905267715454]], "shift_1": [[0.12933732569217682]]}, "epoch_17": {"shift_0": [[-0.797370970249176]], "shift_1": [[0.12261052429676056]]}, "epoch_18": {"shift_0": [[-0.7937499284744263]], "shift_1": [[0.1279008686542511]]}, "epoch_19": {"shift_0": [[-0.8033990263938904]], "shift_1": [[0.13645213842391968]]}, "epoch_20": {"shift_0": [[-0.7413057088851929]], "shift_1": [[0.14349734783172607]]}, "epoch_21": {"shift_0": [[-0.8003045916557312]], "shift_1": [[0.1719275563955307]]}, "epoch_22": {"shift_0": [[-0.8110318779945374]], "shift_1": [[0.13987571001052856]]}, "epoch_23": {"shift_0": [[-0.7662687301635742]], "shift_1": [[0.12095947563648224]]}, "epoch_24": {"shift_0": [[-0.8265348076820374]], "shift_1": [[0.13645398616790771]]}, "epoch_25": {"shift_0": [[-0.7945365905761719]], "shift_1": [[0.11382568627595901]]}, "epoch_26": {"shift_0": [[-0.7893872857093811]], "shift_1": [[0.10166726261377335]]}, "epoch_27": {"shift_0": [[-0.7820196747779846]], "shift_1": [[0.12282347679138184]]}, "epoch_28": {"shift_0": [[-0.8070576786994934]], "shift_1": [[0.13302133977413177]]}, "epoch_29": {"shift_0": [[-0.7925302982330322]], "shift_1": [[0.14607788622379303]]}, "epoch_30": {"shift_0": [[-0.80877685546875]], "shift_1": [[0.14064088463783264]]}, "epoch_31": {"shift_0": [[-0.7747668623924255]], "shift_1": [[0.09157924354076385]]}, "epoch_32": {"shift_0": [[-0.8213876485824585]], "shift_1": [[0.12696528434753418]]}, "epoch_33": {"shift_0": [[-0.7958151698112488]], "shift_1": [[0.13423626124858856]]}, "epoch_34": {"shift_0": [[-0.7650220990180969]], "shift_1": [[0.1255415976047516]]}, "epoch_35": {"shift_0": [[-0.8330890536308289]], "shift_1": [[0.15603619813919067]]}, "epoch_36": {"shift_0": [[-0.7768940329551697]], "shift_1": [[0.1349683701992035]]}, "epoch_37": {"shift_0": [[-0.7676220536231995]], "shift_1": [[0.10593052953481674]]}, "epoch_38": {"shift_0": [[-0.7847939133644104]], "shift_1": [[0.11106462776660919]]}, "epoch_39": {"shift_0": [[-0.7853483557701111]], "shift_1": [[0.1497383415699005]]}, "epoch_40": {"shift_0": [[-0.8008974194526672]], "shift_1": [[0.13534514605998993]]}, "epoch_41": {"shift_0": [[-0.7564443349838257]], "shift_1": [[0.1442725658416748]]}, "epoch_42": {"shift_0": [[-0.7840704917907715]], "shift_1": [[0.13710945844650269]]}, "epoch_43": {"shift_0": [[-0.7738438248634338]], "shift_1": [[0.1228627935051918]]}, "epoch_44": {"shift_0": [[-0.8101183176040649]], "shift_1": [[0.09926096349954605]]}, "epoch_45": {"shift_0": [[-0.8125044703483582]], "shift_1": [[0.14449521899223328]]}, "epoch_46": {"shift_0": [[-0.8221662044525146]], "shift_1": [[0.11277112364768982]]}, "epoch_47": {"shift_0": [[-0.779420793056488]], "shift_1": [[0.10608876496553421]]}, "epoch_48": {"shift_0": [[-0.7966098785400391]], "shift_1": [[0.11765891313552856]]}, "epoch_49": {"shift_0": [[-0.7935284376144409]], "shift_1": [[0.11934267729520798]]}, "epoch_50": {"shift_0": [[-0.8213130235671997]], "shift_1": [[0.13313239812850952]]}, "epoch_51": {"shift_0": [[-0.7425296306610107]], "shift_1": [[0.11476548761129379]]}, "epoch_52": {"shift_0": [[-0.8178220987319946]], "shift_1": [[0.12648913264274597]]}, "epoch_53": {"shift_0": [[-0.8166322708129883]], "shift_1": [[0.11785046756267548]]}, "epoch_54": {"shift_0": [[-0.7976069450378418]], "shift_1": [[0.117141492664814]]}, "epoch_55": {"shift_0": [[-0.7743880748748779]], "shift_1": [[0.12223874032497406]]}, "epoch_56": {"shift_0": [[-0.7862445116043091]], "shift_1": [[0.13746094703674316]]}, "epoch_57": {"shift_0": [[-0.7708048224449158]], "shift_1": [[0.11014939099550247]]}, "epoch_58": {"shift_0": [[-0.7922002673149109]], "shift_1": [[0.12395128607749939]]}, "epoch_59": {"shift_0": [[-0.798178493976593]], "shift_1": [[0.11894096434116364]]}, "epoch_60": {"shift_0": [[-0.7746360301971436]], "shift_1": [[0.13871856033802032]]}, "epoch_61": {"shift_0": [[-0.810126781463623]], "shift_1": [[0.11019562929868698]]}, "epoch_62": {"shift_0": [[-0.7758088707923889]], "shift_1": [[0.11616875976324081]]}, "epoch_63": {"shift_0": [[-0.8075754642486572]], "shift_1": [[0.1471872627735138]]}, "epoch_64": {"shift_0": [[-0.7892115712165833]], "shift_1": [[0.13423696160316467]]}, "epoch_65": {"shift_0": [[-0.7578141689300537]], "shift_1": [[0.12325088679790497]]}, "epoch_66": {"shift_0": [[-0.8240079283714294]], "shift_1": [[0.12085749953985214]]}, "epoch_67": {"shift_0": [[-0.7839025855064392]], "shift_1": [[0.12602724134922028]]}, "epoch_68": {"shift_0": [[-0.7656924724578857]], "shift_1": [[0.14726363122463226]]}, "epoch_69": {"shift_0": [[-0.7882488965988159]], "shift_1": [[0.13897302746772766]]}, "epoch_70": {"shift_0": [[-0.8128912448883057]], "shift_1": [[0.13556323945522308]]}, "epoch_71": {"shift_0": [[-0.8203059434890747]], "shift_1": [[0.1690264344215393]]}, "epoch_72": {"shift_0": [[-0.7822597622871399]], "shift_1": [[0.1744861751794815]]}, "epoch_73": {"shift_0": [[-0.7488620281219482]], "shift_1": [[0.1380586177110672]]}, "epoch_74": {"shift_0": [[-0.8059836030006409]], "shift_1": [[0.11939536780118942]]}, "epoch_75": {"shift_0": [[-0.8090581893920898]], "shift_1": [[0.11862655729055405]]}, "epoch_76": {"shift_0": [[-0.7726197242736816]], "shift_1": [[0.1379031538963318]]}, "epoch_77": {"shift_0": [[-0.7662144899368286]], "shift_1": [[0.10642994940280914]]}, "epoch_78": {"shift_0": [[-0.8136798143386841]], "shift_1": [[0.11996790766716003]]}, "epoch_79": {"shift_0": [[-0.7870761156082153]], "shift_1": [[0.11768889427185059]]}, "epoch_80": {"shift_0": [[-0.7850759625434875]], "shift_1": [[0.13785171508789062]]}, "epoch_81": {"shift_0": [[-0.8001696467399597]], "shift_1": [[0.1573670506477356]]}, "epoch_82": {"shift_0": [[-0.753693699836731]], "shift_1": [[0.08897756040096283]]}, "epoch_83": {"shift_0": [[-0.8133848309516907]], "shift_1": [[0.14352193474769592]]}, "epoch_84": {"shift_0": [[-0.8064032196998596]], "shift_1": [[0.12922389805316925]]}, "epoch_85": {"shift_0": [[-0.8067452311515808]], "shift_1": [[0.11579375714063644]]}, "epoch_86": {"shift_0": [[-0.7962468266487122]], "shift_1": [[0.12794236838817596]]}, "epoch_87": {"shift_0": [[-0.8006148934364319]], "shift_1": [[0.1358930617570877]]}, "epoch_88": {"shift_0": [[-0.8048664927482605]], "shift_1": [[0.13688673079013824]]}, "epoch_89": {"shift_0": [[-0.7911038994789124]], "shift_1": [[0.09633743762969971]]}, "epoch_90": {"shift_0": [[-0.799424946308136]], "shift_1": [[0.13643573224544525]]}, "epoch_91": {"shift_0": [[-0.8134185671806335]], "shift_1": [[0.13419830799102783]]}, "epoch_92": {"shift_0": [[-0.8080167174339294]], "shift_1": [[0.11682198941707611]]}, "epoch_93": {"shift_0": [[-0.7710068821907043]], "shift_1": [[0.14045295119285583]]},