{"epoch_1": {"ls(x1)": -0.14898337423801422}, "epoch_2": {"ls(x1)": -0.15551137924194336}, "epoch_3": {"ls(x1)": -0.15927910804748535}, "epoch_4": {"ls(x1)": -0.1574845016002655}, "epoch_5": {"ls(x1)": -0.15311938524246216}, "epoch_6": {"ls(x1)": -0.14778836071491241}, "epoch_7": {"ls(x1)": -0.1427575647830963}, "epoch_8": {"ls(x1)": -0.13921189308166504}, "epoch_9": {"ls(x1)": -0.13760502636432648}, "epoch_10": {"ls(x1)": -0.13752761483192444}, "epoch_11": {"ls(x1)": -0.13820841908454895}, "epoch_12": {"ls(x1)": -0.13879847526550293}, "epoch_13": {"ls(x1)": -0.1385808289051056}, "epoch_14": {"ls(x1)": -0.1372288167476654}, "epoch_15": {"ls(x1)": -0.13484375178813934}, "epoch_16": {"ls(x1)": -0.13179081678390503}, "epoch_17": {"ls(x1)": -0.12856604158878326}, "epoch_18": {"ls(x1)": -0.12569814920425415}, "epoch_19": {"ls(x1)": -0.1235978752374649}, "epoch_20": {"ls(x1)": -0.12240469455718994}, "epoch_21": {"ls(x1)": -0.12196128070354462}, "epoch_22": {"ls(x1)": -0.1219053715467453}, "epoch_23": {"ls(x1)": -0.12179592251777649}, "epoch_24": {"ls(x1)": -0.12125121802091599}, "epoch_25": {"ls(x1)": -0.12007235735654831}, "epoch_26": {"ls(x1)": -0.11828994750976562}, "epoch_27": {"ls(x1)": -0.11612490564584732}, "epoch_28": {"ls(x1)": -0.11390742659568787}, "epoch_29": {"ls(x1)": -0.11197531968355179}, "epoch_30": {"ls(x1)": -0.11056163907051086}, "epoch_31": {"ls(x1)": -0.10971477627754211}, "epoch_32": {"ls(x1)": -0.1092938631772995}, "epoch_33": {"ls(x1)": -0.10903201997280121}, "epoch_34": {"ls(x1)": -0.10863518714904785}, "epoch_35": {"ls(x1)": -0.10788632184267044}, "epoch_36": {"ls(x1)": -0.10671785473823547}, "epoch_37": {"ls(x1)": -0.10522332042455673}, "epoch_38": {"ls(x1)": -0.10361221432685852}, "epoch_39": {"ls(x1)": -0.10213010013103485}, "epoch_40": {"ls(x1)": -0.10096771270036697}, "epoch_41": {"ls(x1)": -0.10019119828939438}, "epoch_42": {"ls(x1)": -0.09972409904003143}, "epoch_43": {"ls(x1)": -0.09938608109951019}, "epoch_44": {"ls(x1)": -0.09896839410066605}, "epoch_45": {"ls(x1)": -0.09831622242927551}, "epoch_46": {"ls(x1)": -0.09738560020923615}, "epoch_47": {"ls(x1)": -0.09625259786844254}, "epoch_48": {"ls(x1)": -0.09507501870393753}, "epoch_49": {"ls(x1)": -0.09402470290660858}, "epoch_50": {"ls(x1)": -0.09321697801351547}}