{"epoch_1": {"shift_0": [[-0.8668830394744873]], "shift_1": [[-0.9376581311225891]]}, "epoch_2": {"shift_0": [[-1.9724140167236328]], "shift_1": [[-2.1089463233947754]]}, "epoch_3": {"shift_0": [[-2.7988510131835938]], "shift_1": [[-2.9142045974731445]]}, "epoch_4": {"shift_0": [[-3.309279441833496]], "shift_1": [[-3.401245594024658]]}, "epoch_5": {"shift_0": [[-3.5390803813934326]], "shift_1": [[-3.8723838329315186]]}, "epoch_6": {"shift_0": [[-3.642258644104004]], "shift_1": [[-4.2593488693237305]]}, "epoch_7": {"shift_0": [[-3.712388515472412]], "shift_1": [[-4.438717842102051]]}, "epoch_8": {"shift_0": [[-3.833026885986328]], "shift_1": [[-4.692513465881348]]}, "epoch_9": {"shift_0": [[-3.827224016189575]], "shift_1": [[-4.917425632476807]]}, "epoch_10": {"shift_0": [[-3.805292844772339]], "shift_1": [[-5.026740074157715]]}, "epoch_11": {"shift_0": [[-3.8274459838867188]], "shift_1": [[-5.282851219177246]]}, "epoch_12": {"shift_0": [[-3.832167863845825]], "shift_1": [[-5.4224443435668945]]}, "epoch_13": {"shift_0": [[-3.8182294368743896]], "shift_1": [[-5.520825386047363]]}, "epoch_14": {"shift_0": [[-3.806882619857788]], "shift_1": [[-5.710052967071533]]}, "epoch_15": {"shift_0": [[-3.8435914516448975]], "shift_1": [[-5.809670448303223]]}, "epoch_16": {"shift_0": [[-3.8206946849823]], "shift_1": [[-5.79827880859375]]}, "epoch_17": {"shift_0": [[-3.792985677719116]], "shift_1": [[-6.047643661499023]]}, "epoch_18": {"shift_0": [[-3.701204299926758]], "shift_1": [[-6.057232856750488]]}, "epoch_19": {"shift_0": [[-3.687671184539795]], "shift_1": [[-6.196938991546631]]}, "epoch_20": {"shift_0": [[-3.6207995414733887]], "shift_1": [[-6.214322090148926]]}, "epoch_21": {"shift_0": [[-3.645709276199341]], "shift_1": [[-6.410478115081787]]}, "epoch_22": {"shift_0": [[-3.52553129196167]], "shift_1": [[-6.444948673248291]]}, "epoch_23": {"shift_0": [[-3.500717878341675]], "shift_1": [[-6.5812668800354]]}, "epoch_24": {"shift_0": [[-3.4065678119659424]], "shift_1": [[-6.619272708892822]]}, "epoch_25": {"shift_0": [[-3.470792293548584]], "shift_1": [[-6.690723896026611]]}, "epoch_26": {"shift_0": [[-3.4408724308013916]], "shift_1": [[-6.750707149505615]]}, "epoch_27": {"shift_0": [[-3.396650791168213]], "shift_1": [[-6.793262481689453]]}, "epoch_28": {"shift_0": [[-3.327596426010132]], "shift_1": [[-6.861725807189941]]}, "epoch_29": {"shift_0": [[-3.297785520553589]], "shift_1": [[-7.001626014709473]]}, "epoch_30": {"shift_0": [[-3.2563302516937256]], "shift_1": [[-7.030360221862793]]}, "epoch_31": {"shift_0": [[-3.2065725326538086]], "shift_1": [[-7.073070526123047]]}, "epoch_32": {"shift_0": [[-3.1053662300109863]], "shift_1": [[-7.222173690795898]]}, "epoch_33": {"shift_0": [[-3.1120598316192627]], "shift_1": [[-7.263298034667969]]}, "epoch_34": {"shift_0": [[-3.060332775115967]], "shift_1": [[-7.283721446990967]]}, "epoch_35": {"shift_0": [[-3.063969135284424]], "shift_1": [[-7.3599066734313965]]}, "epoch_36": {"shift_0": [[-3.0521183013916016]], "shift_1": [[-7.415554046630859]]}, "epoch_37": {"shift_0": [[-3.0511417388916016]], "shift_1": [[-7.4881463050842285]]}, "epoch_38": {"shift_0": [[-2.9898064136505127]], "shift_1": [[-7.533504962921143]]}, "epoch_39": {"shift_0": [[-2.8861818313598633]], "shift_1": [[-7.6588826179504395]]}, "epoch_40": {"shift_0": [[-2.841094732284546]], "shift_1": [[-7.628087043762207]]}, "epoch_41": {"shift_0": [[-2.8691000938415527]], "shift_1": [[-7.807639122009277]]}, "epoch_42": {"shift_0": [[-2.81676983833313]], "shift_1": [[-7.830077171325684]]}, "epoch_43": {"shift_0": [[-2.7754406929016113]], "shift_1": [[-7.993733882904053]]}, "epoch_44": {"shift_0": [[-2.732119083404541]], "shift_1": [[-7.90828275680542]]}, "epoch_45": {"shift_0": [[-2.765686273574829]], "shift_1": [[-8.081324577331543]]}, "epoch_46": {"shift_0": [[-2.655724048614502]], "shift_1": [[-8.143075942993164]]}, "epoch_47": {"shift_0": [[-2.628146171569824]], "shift_1": [[-8.183120727539062]]}, "epoch_48": {"shift_0": [[-2.6310973167419434]], "shift_1": [[-8.341362953186035]]}, "epoch_49": {"shift_0": [[-2.6045334339141846]], "shift_1": [[-8.243816375732422]]}, "epoch_50": {"shift_0": [[-2.661240339279175]], "shift_1": [[-8.431022644042969]]}, "epoch_51": {"shift_0": [[-2.526186227798462]], "shift_1": [[-8.450197219848633]]}, "epoch_52": {"shift_0": [[-2.5223028659820557]], "shift_1": [[-8.495668411254883]]}, "epoch_53": {"shift_0": [[-2.572983503341675]], "shift_1": [[-8.681090354919434]]}, "epoch_54": {"shift_0": [[-2.4891133308410645]], "shift_1": [[-8.596308708190918]]}, "epoch_55": {"shift_0": [[-2.4900875091552734]], "shift_1": [[-8.755358695983887]]}, "epoch_56": {"shift_0": [[-2.420835494995117]], "shift_1": [[-8.869776725769043]]}, "epoch_57": {"shift_0": [[-2.355391502380371]], "shift_1": [[-8.843467712402344]]}, "epoch_58": {"shift_0": [[-2.3726425170898438]], "shift_1": [[-8.993698120117188]]}, "epoch_59": {"shift_0": [[-2.3324813842773438]], "shift_1": [[-9.053553581237793]]}, "epoch_60": {"shift_0": [[-2.364140272140503]], "shift_1": [[-9.105073928833008]]}, "epoch_61": {"shift_0": [[-2.3234291076660156]], "shift_1": [[-9.166145324707031]]}, "epoch_62": {"shift_0": [[-2.2761166095733643]], "shift_1": [[-9.214546203613281]]}, "epoch_63": {"shift_0": [[-2.238511085510254]], "shift_1": [[-9.27817440032959]]}, "epoch_64": {"shift_0": [[-2.2915945053100586]], "shift_1": [[-9.41133975982666]]}, "epoch_65": {"shift_0": [[-2.1834566593170166]], "shift_1": [[-9.478793144226074]]}, "epoch_66": {"shift_0": [[-2.212878465652466]], "shift_1": [[-9.458425521850586]]}, "epoch_67": {"shift_0": [[-2.2876758575439453]], "shift_1": [[-9.548760414123535]]}, "epoch_68": {"shift_0": [[-2.2097675800323486]], "shift_1": [[-9.586926460266113]]}, "epoch_69": {"shift_0": [[-2.0882227420806885]], "shift_1": [[-9.721200942993164]]}, "epoch_70": {"shift_0": [[-2.1620185375213623]], "shift_1": [[-9.796216011047363]]}, "epoch_71": {"shift_0": [[-2.1260929107666016]], "shift_1": [[-9.844915390014648]]}, "epoch_72": {"shift_0": [[-2.1018576622009277]], "shift_1": [[-9.921381950378418]]}, "epoch_73": {"shift_0": [[-2.0728859901428223]], "shift_1": [[-9.951464653015137]]}, "epoch_74": {"shift_0": [[-2.1134636402130127]], "shift_1": [[-10.079882621765137]]}, "epoch_75": {"shift_0": [[-2.1266391277313232]], "shift_1": [[-10.041921615600586]]}, "epoch_76": {"shift_0": [[-2.099398136138916]], "shift_1": [[-10.155508995056152]]}, "epoch_77": {"shift_0": [[-2.062893867492676]], "shift_1": [[-10.200506210327148]]}, "epoch_78": {"shift_0": [[-2.051740884780884]], "shift_1": [[-10.245841026306152]]}, "epoch_79": {"shift_0": [[-2.0835554599761963]], "shift_1": [[-10.322542190551758]]}, "epoch_80": {"shift_0": [[-1.9985966682434082]], "shift_1": [[-10.456596374511719]]}, "epoch_81": {"shift_0": [[-1.927210807800293]], "shift_1": [[-10.494495391845703]]}, "epoch_82": {"shift_0": [[-1.9303579330444336]], "shift_1": [[-10.576077461242676]]}, "epoch_83": {"shift_0": [[-1.9812376499176025]], "shift_1": [[-10.684685707092285]]}, "epoch_84": {"shift_0": [[-1.934325933456421]], "shift_1": [[-10.643715858459473]]}, "epoch_85": {"shift_0": [[-1.9444419145584106]], "shift_1": [[-10.797074317932129]]}, "epoch_86": {"shift_0": [[-1.9586974382400513]], "shift_1": [[-10.792366027832031]]}, "epoch_87": {"shift_0": [[-1.9563919305801392]], "shift_1": [[-10.9119873046875]]}, "epoch_88": {"shift_0": [[-1.829209327697754]], "shift_1": [[-10.97360897064209]]}, "epoch_89": {"shift_0": [[-1.9032983779907227]], "shift_1": [[-11.0810546875]]}, "epoch_90": {"shift_0": [[-1.9037883281707764]], "shift_1": [[-11.118278503417969]]}, "epoch_91": {"shift_0": [[-1.8468897342681885]], "shift_1": [[-11.126070976257324]]}, "epoch_92": {"shift_0": [[-1.8482496738433838]], "shift_1": [[-11.311079978942871]]}, "epoch_93": {"shift_0": [[-1.7726596593856812]], "shift_1": [[-11.323962211608887]]}, "epoch_94": {"shift_0": [[-1.7537215948104858]], "shift_1": [[-11.305999755859375]]},