{"epoch_1": {"shift_0": [[0.048305947333574295]]}, "epoch_2": {"shift_0": [[-0.10465642064809799]]}, "epoch_3": {"shift_0": [[-0.1813974380493164]]}, "epoch_4": {"shift_0": [[-0.2029566466808319]]}, "epoch_5": {"shift_0": [[-0.205222949385643]]}, "epoch_6": {"shift_0": [[-0.21163254976272583]]}, "epoch_7": {"shift_0": [[-0.23351351916790009]]}, "epoch_8": {"shift_0": [[-0.27396026253700256]]}, "epoch_9": {"shift_0": [[-0.3034103810787201]]}, "epoch_10": {"shift_0": [[-0.3144652545452118]]}, "epoch_11": {"shift_0": [[-0.44251325726509094]]}, "epoch_12": {"shift_0": [[-0.5539164543151855]]}, "epoch_13": {"shift_0": [[-0.6211284399032593]]}, "epoch_14": {"shift_0": [[-0.6486156582832336]]}, "epoch_15": {"shift_0": [[-0.6534356474876404]]}, "epoch_16": {"shift_0": [[-0.6820032000541687]]}, "epoch_17": {"shift_0": [[-0.7219054102897644]]}, "epoch_18": {"shift_0": [[-0.7708550095558167]]}, "epoch_19": {"shift_0": [[-0.7962375283241272]]}, "epoch_20": {"shift_0": [[-0.8041141033172607]]}, "epoch_21": {"shift_0": [[-0.8989174365997314]]}, "epoch_22": {"shift_0": [[-0.9826107621192932]]}, "epoch_23": {"shift_0": [[-1.0245530605316162]]}, "epoch_24": {"shift_0": [[-1.036424994468689]]}, "epoch_25": {"shift_0": [[-1.0380522012710571]]}, "epoch_26": {"shift_0": [[-1.0559779405593872]]}, "epoch_27": {"shift_0": [[-1.0819827318191528]]}, "epoch_28": {"shift_0": [[-1.1084932088851929]]}, "epoch_29": {"shift_0": [[-1.1288738250732422]]}, "epoch_30": {"shift_0": [[-1.1357396841049194]]}, "epoch_31": {"shift_0": [[-1.205316185951233]]}, "epoch_32": {"shift_0": [[-1.248684048652649]]}, "epoch_33": {"shift_0": [[-1.25787353515625]]}, "epoch_34": {"shift_0": [[-1.258905053138733]]}, "epoch_35": {"shift_0": [[-1.2588635683059692]]}, "epoch_36": {"shift_0": [[-1.2412902116775513]]}, "epoch_37": {"shift_0": [[-1.2410377264022827]]}, "epoch_38": {"shift_0": [[-1.2429656982421875]]}, "epoch_39": {"shift_0": [[-1.2498589754104614]]}, "epoch_40": {"shift_0": [[-1.2517619132995605]]}, "epoch_41": {"shift_0": [[-1.267951488494873]]}, "epoch_42": {"shift_0": [[-1.2896264791488647]]}, "epoch_43": {"shift_0": [[-1.302209496498108]]}, "epoch_44": {"shift_0": [[-1.310072898864746]]}, "epoch_45": {"shift_0": [[-1.3104997873306274]]}, "epoch_46": {"shift_0": [[-1.305101752281189]]}, "epoch_47": {"shift_0": [[-1.2882750034332275]]}, "epoch_48": {"shift_0": [[-1.2897272109985352]]}, "epoch_49": {"shift_0": [[-1.283031702041626]]}, "epoch_50": {"shift_0": [[-1.2846022844314575]]}, "epoch_51": {"shift_0": [[-1.2965513467788696]]}, "epoch_52": {"shift_0": [[-1.315708041191101]]}, "epoch_53": {"shift_0": [[-1.333303689956665]]}, "epoch_54": {"shift_0": [[-1.334733009338379]]}, "epoch_55": {"shift_0": [[-1.3334262371063232]]}, "epoch_56": {"shift_0": [[-1.3175320625305176]]}, "epoch_57": {"shift_0": [[-1.3146917819976807]]}, "epoch_58": {"shift_0": [[-1.30477774143219]]}, "epoch_59": {"shift_0": [[-1.2942758798599243]]}, "epoch_60": {"shift_0": [[-1.2904391288757324]]}, "epoch_61": {"shift_0": [[-1.2670812606811523]]}, "epoch_62": {"shift_0": [[-1.252962350845337]]}, "epoch_63": {"shift_0": [[-1.2594470977783203]]}, "epoch_64": {"shift_0": [[-1.2620360851287842]]}, "epoch_65": {"shift_0": [[-1.2634793519973755]]}, "epoch_66": {"shift_0": [[-1.2777206897735596]]}, "epoch_67": {"shift_0": [[-1.2865647077560425]]}, "epoch_68": {"shift_0": [[-1.2923346757888794]]}, "epoch_69": {"shift_0": [[-1.287881851196289]]}, "epoch_70": {"shift_0": [[-1.284042239189148]]}, "epoch_71": {"shift_0": [[-1.2163130044937134]]}, "epoch_72": {"shift_0": [[-1.1829655170440674]]}, "epoch_73": {"shift_0": [[-1.169167160987854]]}, "epoch_74": {"shift_0": [[-1.1720174551010132]]}, "epoch_75": {"shift_0": [[-1.174903154373169]]}, "epoch_76": {"shift_0": [[-1.2263413667678833]]}, "epoch_77": {"shift_0": [[-1.2456834316253662]]}, "epoch_78": {"shift_0": [[-1.2486730813980103]]}, "epoch_79": {"shift_0": [[-1.2463420629501343]]}, "epoch_80": {"shift_0": [[-1.2423508167266846]]}, "epoch_81": {"shift_0": [[-1.1738892793655396]]}, "epoch_82": {"shift_0": [[-1.140059471130371]]}, "epoch_83": {"shift_0": [[-1.1380671262741089]]}, "epoch_84": {"shift_0": [[-1.1416724920272827]]}, "epoch_85": {"shift_0": [[-1.1446092128753662]]}, "epoch_86": {"shift_0": [[-1.163269281387329]]}, "epoch_87": {"shift_0": [[-1.1776795387268066]]}, "epoch_88": {"shift_0": [[-1.159218192100525]]}, "epoch_89": {"shift_0": [[-1.1525068283081055]]}, "epoch_90": {"shift_0": [[-1.1486725807189941]]}, "epoch_91": {"shift_0": [[-1.1103733777999878]]}, "epoch_92": {"shift_0": [[-1.0868926048278809]]}, "epoch_93": {"shift_0": [[-1.0870617628097534]]}, "epoch_94": {"shift_0": [[-1.0961509943008423]]}, "epoch_95": {"shift_0": [[-1.0965144634246826]]}, "epoch_96": {"shift_0": [[-1.0840944051742554]]}, "epoch_97": {"shift_0": [[-1.0809930562973022]]}, "epoch_98": {"shift_0": [[-1.078061819076538]]}, "epoch_99": {"shift_0": [[-1.075474500656128]]}, "epoch_100": {"shift_0": [[-1.0733882188796997]]}, "epoch_101": {"shift_0": [[-1.1168196201324463]]}, "epoch_102": {"shift_0": [[-1.0582942962646484]]}, "epoch_103": {"shift_0": [[-1.076438546180725]]}, "epoch_104": {"shift_0": [[-1.0914980173110962]]}, "epoch_105": {"shift_0": [[-1.0988028049468994]]}, "epoch_106": {"shift_0": [[-1.1638941764831543]]}, "epoch_107": {"shift_0": [[-1.1969364881515503]]}, "epoch_108": {"shift_0": [[-1.1922199726104736]]}, "epoch_109": {"shift_0": [[-1.177795648574829]]}, "epoch_110": {"shift_0": [[-1.1723847389221191]]}, "epoch_111": {"shift_0": [[-1.1098811626434326]]}, "epoch_112": {"shift_0": [[-1.0682642459869385]]}, "epoch_113": {"shift_0": [[-1.0609411001205444]]}, "epoch_114": {"shift_0": [[-1.0669333934783936]]}, "epoch_115": {"shift_0": [[-1.069111704826355]]}, "epoch_116": {"shift_0": [[-1.079113483428955]]}, "epoch_117": {"shift_0": [[-1.0788697004318237]]}, "epoch_118": {"shift_0": [[-1.0688942670822144]]}, "epoch_119": {"shift_0": [[-1.057080626487732]]}, "epoch_120": {"shift_0": [[-1.053483247756958]]}, "epoch_121": {"shift_0": [[-1.011204719543457]]}, "epoch_122": {"shift_0": [[-0.9832289814949036]]}, "epoch_123": {"shift_0": [[-0.9798875451087952]]}, "epoch_124": {"shift_0": [[-0.9739327430725098]]}, "epoch_125": {"shift_0": [[-0.9729178547859192]]}, "epoch_126": {"shift_0": [[-0.9692080020904541]]}, "epoch_127": {"shift_0": [[-0.9707133769989014]]}, "epoch_128": {"shift_0": [[-0.959438681602478]]}, "epoch_129": {"shift_0": [[-0.9553810358047485]]}, "epoch_130": {"shift_0": [[-0.9544796943664551]]}, "epoch_131": {"shift_0": [[-0.9569271802902222]]}, "epoch_132": {"shift_0": [[-0.9468751549720764]]}, "epoch_133": {"shift_0": [[-0.9346410632133484]]}, "epoch_134": {"shift_0": [[-0.9275075197219849]]}, "epoch_135": {"shift_0": [[-0.9256215691566467]]}, "epoch_136": {"shift_0": [[-0.9299389123916626]]}, "epoch_137": {"shift_0": [[-0.9258044362068176]]}, "epoch_138": {"shift_0": [[-0.9043425917625427]]}, "epoch_139": {"shift_0": [[-0.8988469839096069]]}, "epoch_140": {"shift_0": [[-0.8984318375587463]]}, "epoch_141": {"shift_0": [[-0.9044816493988037]]}, "epoch_142": {"shift_0": [[-0.9154954552650452]]}, "epoch_143": {"shift_0": [[-0.9069156646728516]]}, "epoch_144": {"shift_0": [[-0.9017472267150879]]}, "epoch_145": {"shift_0": [[-0.8982535004615784]]}, "epoch_146": {"shift_0": [[-0.8524243831634521]]}, "epoch_147": {"shift_0": [[-0.8414754271507263]]}, "epoch_148": {"shift_0": [[-0.8403766751289368]]}, "epoch_149": {"shift_0": [[-0.844961941242218]]}, "epoch_150": {"shift_0": [[-0.8471150398254395]]}, "epoch_151": {"shift_0": [[-0.8927010893821716]]}, "epoch_152": {"shift_0": [[-0.7998074293136597]]}, "epoch_153": {"shift_0": [[-0.7630823254585266]]}, "epoch_154": {"shift_0": [[-0.7609865069389343]]}, "epoch_155": {"shift_0": [[-0.7636098861694336]]}, "epoch_156": {"shift_0": [[-0.7996002435684204]]}, "epoch_157": {"shift_0": [[-0.8171879053115845]]}, "epoch_158": {"shift_0": [[-0.8181017637252808]]}, "epoch_159": {"shift_0": [[-0.8136662244796753]]},