{"epoch_1": {"shift_1": [[0.19808204472064972]]}, "epoch_2": {"shift_1": [[-0.38060206174850464]]}, "epoch_3": {"shift_1": [[-0.4336550533771515]]}, "epoch_4": {"shift_1": [[-0.3830723762512207]]}, "epoch_5": {"shift_1": [[-0.3426758646965027]]}, "epoch_6": {"shift_1": [[-0.3130897879600525]]}, "epoch_7": {"shift_1": [[-0.28288570046424866]]}, "epoch_8": {"shift_1": [[-0.27192407846450806]]}, "epoch_9": {"shift_1": [[-0.27043473720550537]]}, "epoch_10": {"shift_1": [[-0.2682325839996338]]}, "epoch_11": {"shift_1": [[-0.2078889161348343]]}, "epoch_12": {"shift_1": [[-0.20034469664096832]]}, "epoch_13": {"shift_1": [[-0.23811566829681396]]}, "epoch_14": {"shift_1": [[-0.24475981295108795]]}, "epoch_15": {"shift_1": [[-0.23929639160633087]]}, "epoch_16": {"shift_1": [[-0.24598428606987]]}, "epoch_17": {"shift_1": [[-0.2139338105916977]]}, "epoch_18": {"shift_1": [[-0.22436004877090454]]}, "epoch_19": {"shift_1": [[-0.22174297273159027]]}, "epoch_20": {"shift_1": [[-0.19844920933246613]]}, "epoch_21": {"shift_1": [[-0.22531813383102417]]}, "epoch_22": {"shift_1": [[-0.21503832936286926]]}, "epoch_23": {"shift_1": [[-0.22065384685993195]]}, "epoch_24": {"shift_1": [[-0.21269191801548004]]}, "epoch_25": {"shift_1": [[-0.22045181691646576]]}, "epoch_26": {"shift_1": [[-0.2091708779335022]]}, "epoch_27": {"shift_1": [[-0.2104005664587021]]}, "epoch_28": {"shift_1": [[-0.2103874236345291]]}, "epoch_29": {"shift_1": [[-0.20854729413986206]]}, "epoch_30": {"shift_1": [[-0.2091035395860672]]}, "epoch_31": {"shift_1": [[-0.2114635556936264]]}, "epoch_32": {"shift_1": [[-0.23047932982444763]]}, "epoch_33": {"shift_1": [[-0.2397957593202591]]}, "epoch_34": {"shift_1": [[-0.21549639105796814]]}, "epoch_35": {"shift_1": [[-0.19751647114753723]]}, "epoch_36": {"shift_1": [[-0.2389107346534729]]}, "epoch_37": {"shift_1": [[-0.21297568082809448]]}, "epoch_38": {"shift_1": [[-0.21207958459854126]]}, "epoch_39": {"shift_1": [[-0.2263823300600052]]}, "epoch_40": {"shift_1": [[-0.22065337002277374]]}, "epoch_41": {"shift_1": [[-0.20889176428318024]]}, "epoch_42": {"shift_1": [[-0.2121368944644928]]}, "epoch_43": {"shift_1": [[-0.2191644012928009]]}, "epoch_44": {"shift_1": [[-0.204790860414505]]}, "epoch_45": {"shift_1": [[-0.22570760548114777]]}, "epoch_46": {"shift_1": [[-0.24000653624534607]]}, "epoch_47": {"shift_1": [[-0.22956214845180511]]}, "epoch_48": {"shift_1": [[-0.2460741549730301]]}, "epoch_49": {"shift_1": [[-0.21995052695274353]]}, "epoch_50": {"shift_1": [[-0.20662365853786469]]}, "epoch_51": {"shift_1": [[-0.22287963330745697]]}, "epoch_52": {"shift_1": [[-0.18804723024368286]]}, "epoch_53": {"shift_1": [[-0.20185576379299164]]}, "epoch_54": {"shift_1": [[-0.22392505407333374]]}, "epoch_55": {"shift_1": [[-0.2065783441066742]]}, "epoch_56": {"shift_1": [[-0.21371865272521973]]}, "epoch_57": {"shift_1": [[-0.2048414945602417]]}, "epoch_58": {"shift_1": [[-0.20739299058914185]]}, "epoch_59": {"shift_1": [[-0.19003386795520782]]}, "epoch_60": {"shift_1": [[-0.19200263917446136]]}, "epoch_61": {"shift_1": [[-0.20054076611995697]]}, "epoch_62": {"shift_1": [[-0.20434808731079102]]}, "epoch_63": {"shift_1": [[-0.21222428977489471]]}, "epoch_64": {"shift_1": [[-0.20720843970775604]]}, "epoch_65": {"shift_1": [[-0.20646290481090546]]}, "epoch_66": {"shift_1": [[-0.2081567347049713]]}, "epoch_67": {"shift_1": [[-0.20636163651943207]]}, "epoch_68": {"shift_1": [[-0.2065136879682541]]}, "epoch_69": {"shift_1": [[-0.20627102255821228]]}, "epoch_70": {"shift_1": [[-0.20605291426181793]]}, "epoch_71": {"shift_1": [[-0.23918874561786652]]}, "epoch_72": {"shift_1": [[-0.18757185339927673]]}, "epoch_73": {"shift_1": [[-0.2436581403017044]]}, "epoch_74": {"shift_1": [[-0.2237880676984787]]}, "epoch_75": {"shift_1": [[-0.17055903375148773]]}, "epoch_76": {"shift_1": [[-0.1678953766822815]]}, "epoch_77": {"shift_1": [[-0.21229635179042816]]}, "epoch_78": {"shift_1": [[-0.21338337659835815]]}, "epoch_79": {"shift_1": [[-0.2360311597585678]]}, "epoch_80": {"shift_1": [[-0.2064802199602127]]}, "epoch_81": {"shift_1": [[-0.19943708181381226]]}, "epoch_82": {"shift_1": [[-0.24012230336666107]]}, "epoch_83": {"shift_1": [[-0.26864805817604065]]}, "epoch_84": {"shift_1": [[-0.2583081126213074]]}, "epoch_85": {"shift_1": [[-0.16961224377155304]]}, "epoch_86": {"shift_1": [[-0.21147626638412476]]}, "epoch_87": {"shift_1": [[-0.18989959359169006]]}, "epoch_88": {"shift_1": [[-0.1950354278087616]]}, "epoch_89": {"shift_1": [[-0.17247271537780762]]}, "epoch_90": {"shift_1": [[-0.21006104350090027]]}, "epoch_91": {"shift_1": [[-0.24544237554073334]]}, "epoch_92": {"shift_1": [[-0.1652202308177948]]}, "epoch_93": {"shift_1": [[-0.290780633687973]]}, "epoch_94": {"shift_1": [[-0.20695587992668152]]}, "epoch_95": {"shift_1": [[-0.19872425496578217]]}, "epoch_96": {"shift_1": [[-0.22250087559223175]]}, "epoch_97": {"shift_1": [[-0.22669517993927002]]}, "epoch_98": {"shift_1": [[-0.21305209398269653]]}, "epoch_99": {"shift_1": [[-0.25675728917121887]]}, "epoch_100": {"shift_1": [[-0.18506893515586853]]}, "epoch_101": {"shift_1": [[-0.2052801549434662]]}, "epoch_102": {"shift_1": [[-0.25351575016975403]]}, "epoch_103": {"shift_1": [[-0.18234191834926605]]}, "epoch_104": {"shift_1": [[-0.2050636261701584]]}, "epoch_105": {"shift_1": [[-0.20056180655956268]]}, "epoch_106": {"shift_1": [[-0.21342682838439941]]}, "epoch_107": {"shift_1": [[-0.2051052302122116]]}, "epoch_108": {"shift_1": [[-0.18967905640602112]]}, "epoch_109": {"shift_1": [[-0.20142562687397003]]}, "epoch_110": {"shift_1": [[-0.2254028171300888]]}, "epoch_111": {"shift_1": [[-0.22912152111530304]]}, "epoch_112": {"shift_1": [[-0.21342769265174866]]}, "epoch_113": {"shift_1": [[-0.18584463000297546]]}, "epoch_114": {"shift_1": [[-0.22439439594745636]]}, "epoch_115": {"shift_1": [[-0.1948898881673813]]}, "epoch_116": {"shift_1": [[-0.19568856060504913]]}, "epoch_117": {"shift_1": [[-0.1999228149652481]]}, "epoch_118": {"shift_1": [[-0.19583378732204437]]}, "epoch_119": {"shift_1": [[-0.21919438242912292]]}, "epoch_120": {"shift_1": [[-0.1998167783021927]]}, "epoch_121": {"shift_1": [[-0.22823356091976166]]}, "epoch_122": {"shift_1": [[-0.2472146898508072]]}, "epoch_123": {"shift_1": [[-0.2519542872905731]]}, "epoch_124": {"shift_1": [[-0.22593072056770325]]}, "epoch_125": {"shift_1": [[-0.23587851226329803]]}, "epoch_126": {"shift_1": [[-0.21237589418888092]]}, "epoch_127": {"shift_1": [[-0.22435571253299713]]}, "epoch_128": {"shift_1": [[-0.2223173826932907]]}, "epoch_129": {"shift_1": [[-0.2012539952993393]]}, "epoch_130": {"shift_1": [[-0.21184797585010529]]}, "epoch_131": {"shift_1": [[-0.21349883079528809]]}, "epoch_132": {"shift_1": [[-0.21543386578559875]]}, "epoch_133": {"shift_1": [[-0.21360264718532562]]}, "epoch_134": {"shift_1": [[-0.2008247673511505]]}, "epoch_135": {"shift_1": [[-0.20804134011268616]]}, "epoch_136": {"shift_1": [[-0.21842379868030548]]}, "epoch_137": {"shift_1": [[-0.2058423012495041]]}, "epoch_138": {"shift_1": [[-0.21148698031902313]]}, "epoch_139": {"shift_1": [[-0.20961125195026398]]}, "epoch_140": {"shift_1": [[-0.21046602725982666]]}, "epoch_141": {"shift_1": [[-0.2117677628993988]]}, "epoch_142": {"shift_1": [[-0.2077133059501648]]}, "epoch_143": {"shift_1": [[-0.20601403713226318]]}, "epoch_144": {"shift_1": [[-0.2085835188627243]]}, "epoch_145": {"shift_1": [[-0.20875689387321472]]}, "epoch_146": {"shift_1": [[-0.20775528252124786]]}, "epoch_147": {"shift_1": [[-0.2079523801803589]]}, "epoch_148": {"shift_1": [[-0.2082172930240631]]}, "epoch_149": {"shift_1": [[-0.2082282453775406]]}, "epoch_150": {"shift_1": [[-0.20819897949695587]]}, "epoch_151": {"shift_1": [[-0.21766340732574463]]}, "epoch_152": {"shift_1": [[-0.25359925627708435]]}, "epoch_153": {"shift_1": [[-0.21694140136241913]]}, "epoch_154": {"shift_1": [[-0.20686320960521698]]}, "epoch_155": {"shift_1": [[-0.1944476217031479]]}, "epoch_156": {"shift_1": [[-0.18512392044067383]]}, "epoch_157": {"shift_1": [[-0.17590484023094177]]},