{"epoch_1": {"shift_0": [[-0.19220083951950073]], "shift_1": [[-1.0371959209442139]]}}