{"epoch_1": {"ls(x1)": -0.059083301573991776}, "epoch_2": {"ls(x1)": -0.15160557627677917}, "epoch_3": {"ls(x1)": -0.15942010283470154}, "epoch_4": {"ls(x1)": -0.16406932473182678}, "epoch_5": {"ls(x1)": -0.1682499498128891}, "epoch_6": {"ls(x1)": -0.17251679301261902}, "epoch_7": {"ls(x1)": -0.17854081094264984}, "epoch_8": {"ls(x1)": -0.18677659332752228}, "epoch_9": {"ls(x1)": -0.19612835347652435}, "epoch_10": {"ls(x1)": -0.20558160543441772}, "epoch_11": {"ls(x1)": -0.21727287769317627}, "epoch_12": {"ls(x1)": -0.22985339164733887}, "epoch_13": {"ls(x1)": -0.2429913580417633}, "epoch_14": {"ls(x1)": -0.25556567311286926}, "epoch_15": {"ls(x1)": -0.26780828833580017}, "epoch_16": {"ls(x1)": -0.27948513627052307}, "epoch_17": {"ls(x1)": -0.2926848530769348}, "epoch_18": {"ls(x1)": -0.30109915137290955}, "epoch_19": {"ls(x1)": -0.3166298270225525}, "epoch_20": {"ls(x1)": -0.32190003991127014}, "epoch_21": {"ls(x1)": -0.3312177062034607}, "epoch_22": {"ls(x1)": -0.34020668268203735}, "epoch_23": {"ls(x1)": -0.35043713450431824}, "epoch_24": {"ls(x1)": -0.36083468794822693}, "epoch_25": {"ls(x1)": -0.3663087785243988}, "epoch_26": {"ls(x1)": -0.37400224804878235}, "epoch_27": {"ls(x1)": -0.38323232531547546}, "epoch_28": {"ls(x1)": -0.38545429706573486}, "epoch_29": {"ls(x1)": -0.3891341984272003}, "epoch_30": {"ls(x1)": -0.3975147604942322}, "epoch_31": {"ls(x1)": -0.4124681353569031}, "epoch_32": {"ls(x1)": -0.4126780033111572}, "epoch_33": {"ls(x1)": -0.41728517413139343}, "epoch_34": {"ls(x1)": -0.4214617609977722}, "epoch_35": {"ls(x1)": -0.43511250615119934}, "epoch_36": {"ls(x1)": -0.43432095646858215}, "epoch_37": {"ls(x1)": -0.4341278076171875}, "epoch_38": {"ls(x1)": -0.4475656747817993}, "epoch_39": {"ls(x1)": -0.450074166059494}, "epoch_40": {"ls(x1)": -0.4643085300922394}, "epoch_41": {"ls(x1)": -0.4645756185054779}, "epoch_42": {"ls(x1)": -0.4722650945186615}, "epoch_43": {"ls(x1)": -0.4788534343242645}, "epoch_44": {"ls(x1)": -0.486432820558548}, "epoch_45": {"ls(x1)": -0.4987938702106476}, "epoch_46": {"ls(x1)": -0.48753055930137634}, "epoch_47": {"ls(x1)": -0.5001334547996521}, "epoch_48": {"ls(x1)": -0.4970555007457733}, "epoch_49": {"ls(x1)": -0.5143020749092102}, "epoch_50": {"ls(x1)": -0.5117294192314148}}